FlightDate,Reporting_Airline,Tail_Number,Flight_Number_Reporting_Airline,Origin,OriginCityName,OriginState,Dest,DestCityName,DestState,DepDelay,DepDel15,ArrDelay,ArrDel15,Cancelled,CancellationCode,AirTime,Distance,CarrierDelay,WeatherDelay,NASDelay,SecurityDelay,LateAircraftDelay
2024-01-30,American,N477XX,5695,LAX,CityName,State,ORD,CityName,State,0,0,0,0,0,,79,2166,0,0,0,0,0
2024-01-26,United,N984XX,468,ORD,CityName,State,SFO,CityName,State,0,0,0,0,0,,198,1318,0,0,0,0,0
2024-01-18,American,N140XX,4682,ATL,CityName,State,MIA,CityName,State,0,0,0,0,0,,120,376,0,0,0,0,0
2024-01-30,Delta,N980XX,9959,ATL,CityName,State,MIA,CityName,State,0,0,0,0,0,,100,1115,0,0,0,0,0
2024-01-18,American,N162XX,4816,LAX,CityName,State,SFO,CityName,State,0,0,0,0,0,,237,1051,0,0,0,0,0
2024-01-16,JetBlue,N533XX,8603,JFK,CityName,State,LAX,CityName,State,0,0,0,0,0,,186,294,0,0,0,0,0
2024-01-28,Southwest,N276XX,2230,DFW,CityName,State,JFK,CityName,State,120,1,115,1,0,,191,436,120,0,0,0,0
2024-01-04,JetBlue,N378XX,3276,ATL,CityName,State,LAX,CityName,State,15,1,10,1,0,,186,2220,15,0,0,0,0
2024-01-07,Southwest,N616XX,7425,ATL,CityName,State,JFK,CityName,State,60,1,55,1,0,,175,2436,60,0,0,0,0
2024-01-18,JetBlue,N914XX,6139,LAX,CityName,State,MIA,CityName,State,0,0,0,0,0,,114,2485,0,0,0,0,0
2024-01-02,Southwest,N590XX,8535,DFW,CityName,State,SFO,CityName,State,120,1,115,1,0,,210,234,120,0,0,0,0
2024-01-26,Delta,N322XX,6156,ORD,CityName,State,ATL,CityName,State,0,0,0,0,0,,161,2414,0,0,0,0,0
2024-01-24,American,N606XX,4916,SFO,CityName,State,ORD,CityName,State,0,0,0,0,0,,202,2232,0,0,0,0,0
2024-01-28,United,N928XX,1655,SFO,CityName,State,DFW,CityName,State,0,0,0,0,0,,158,1772,0,0,0,0,0
2024-01-26,JetBlue,N771XX,8260,MIA,CityName,State,JFK,CityName,State,0,0,0,0,0,,131,1234,0,0,0,0,0
2024-01-06,United,N186XX,4406,ORD,CityName,State,SFO,CityName,State,0,0,0,0,0,,271,769,0,0,0,0,0
2024-01-06,United,N483XX,9639,DFW,CityName,State,MIA,CityName,State,0,0,0,0,0,,139,2354,0,0,0,0,0
2024-01-29,JetBlue,N818XX,4957,ORD,CityName,State,JFK,CityName,State,0,0,0,0,0,,296,2217,0,0,0,0,0
2024-01-15,JetBlue,N668XX,1961,LAX,CityName,State,MIA,CityName,State,0,0,0,0,0,,215,2204,0,0,0,0,0
2024-01-07,Delta,N300XX,3384,LAX,CityName,State,SFO,CityName,State,0,0,0,0,0,,256,2281,0,0,0,0,0
2024-01-19,Delta,N622XX,950,ATL,CityName,State,ATL,CityName,State,0,0,0,0,0,,291,1148,0,0,0,0,0
2024-01-06,Delta,N289XX,1762,ATL,CityName,State,MIA,CityName,State,0,0,0,0,0,,65,1405,0,0,0,0,0
2024-01-13,JetBlue,N708XX,5292,ATL,CityName,State,LAX,CityName,State,0,0,0,0,0,,85,2196,0,0,0,0,0
2024-01-11,United,N256XX,9433,JFK,CityName,State,MIA,CityName,State,0,0,0,0,0,,178,1717,0,0,0,0,0
2024-01-07,United,N832XX,1171,SFO,CityName,State,ORD,CityName,State,0,0,0,0,0,,64,2267,0,0,0,0,0
2024-01-03,American,N278XX,9183,SFO,CityName,State,ORD,CityName,State,0,0,0,0,0,,208,2404,0,0,0,0,0
2024-01-15,Delta,N393XX,5810,ORD,CityName,State,ORD,CityName,State,60,1,55,1,0,,81,2104,0,0,0,0,60
2024-01-06,American,N869XX,2390,JFK,CityName,State,DFW,CityName,State,0,0,0,0,0,,237,1375,0,0,0,0,0
2024-01-11,JetBlue,N118XX,4450,ORD,CityName,State,DFW,CityName,State,0,0,0,0,0,,230,597,0,0,0,0,0
2024-01-23,Delta,N340XX,4942,JFK,CityName,State,JFK,CityName,State,0,0,0,0,0,,255,2286,0,0,0,0,0
2024-01-25,JetBlue,N892XX,6822,MIA,CityName,State,MIA,CityName,State,30,1,25,1,0,,299,2255,0,0,30,0,0
2024-01-02,Delta,N570XX,6294,JFK,CityName,State,DFW,CityName,State,15,1,10,1,0,,234,774,15,0,0,0,0
2024-01-24,American,N104XX,8070,SFO,CityName,State,LAX,CityName,State,0,0,0,0,0,,76,933,0,0,0,0,0
2024-01-18,Delta,N791XX,6878,ORD,CityName,State,LAX,CityName,State,0,0,0,0,0,,165,1228,0,0,0,0,0
2024-01-27,American,N735XX,4710,MIA,CityName,State,ATL,CityName,State,30,1,25,1,0,,205,2162,0,0,0,0,30
2024-01-30,JetBlue,N614XX,8928,LAX,CityName,State,MIA,CityName,State,0,0,0,0,0,,137,1703,0,0,0,0,0
2024-01-28,United,N658XX,6538,DFW,CityName,State,SFO,CityName,State,15,1,10,1,0,,87,1164,0,0,15,0,0
2024-01-16,JetBlue,N616XX,6111,SFO,CityName,State,JFK,CityName,State,0,0,0,0,0,,249,1770,0,0,0,0,0
2024-01-05,Delta,N239XX,3268,DFW,CityName,State,MIA,CityName,State,0,0,0,0,1,A,88,534,0,0,0,0,0
2024-01-01,Southwest,N818XX,5942,MIA,CityName,State,DFW,CityName,State,15,1,10,1,0,,221,1241,15,0,0,0,0
2024-01-24,Delta,N139XX,3735,LAX,CityName,State,ORD,CityName,State,0,0,0,0,0,,79,1288,0,0,0,0,0
2024-01-17,JetBlue,N355XX,4009,LAX,CityName,State,SFO,CityName,State,0,0,0,0,0,,97,1791,0,0,0,0,0
2024-01-10,Delta,N893XX,8307,MIA,CityName,State,LAX,CityName,State,0,0,0,0,0,,299,878,0,0,0,0,0
2024-01-14,JetBlue,N748XX,591,JFK,CityName,State,JFK,CityName,State,0,0,0,0,0,,74,2392,0,0,0,0,0
2024-01-29,JetBlue,N154XX,2811,LAX,CityName,State,ATL,CityName,State,0,0,0,0,0,,290,2169,0,0,0,0,0
2024-01-07,JetBlue,N421XX,7672,MIA,CityName,State,ORD,CityName,State,0,0,0,0,0,,166,2295,0,0,0,0,0
2024-01-08,American,N575XX,766,JFK,CityName,State,MIA,CityName,State,0,0,0,0,0,,185,2014,0,0,0,0,0
2024-01-16,Southwest,N582XX,2521,LAX,CityName,State,ORD,CityName,State,15,1,10,1,0,,129,1328,15,0,0,0,0
2024-01-09,JetBlue,N677XX,5904,ORD,CityName,State,MIA,CityName,State,0,0,0,0,0,,137,434,0,0,0,0,0
2024-01-24,Southwest,N957XX,2926,MIA,CityName,State,DFW,CityName,State,0,0,0,0,0,,222,1721,0,0,0,0,0
2024-01-10,Southwest,N273XX,4637,LAX,CityName,State,JFK,CityName,State,15,1,10,1,0,,122,1438,0,0,0,0,15
2024-01-18,Southwest,N843XX,9040,MIA,CityName,State,LAX,CityName,State,0,0,0,0,0,,221,651,0,0,0,0,0
2024-01-25,United,N392XX,874,JFK,CityName,State,ORD,CityName,State,15,1,10,1,0,,238,1132,15,0,0,0,0
2024-01-29,Delta,N202XX,2819,JFK,CityName,State,DFW,CityName,State,0,0,0,0,0,,183,637,0,0,0,0,0
2024-01-14,Southwest,N344XX,3334,ATL,CityName,State,SFO,CityName,State,30,1,25,1,0,,292,1656,30,0,0,0,0
2024-01-26,JetBlue,N601XX,7812,JFK,CityName,State,ATL,CityName,State,0,0,0,0,0,,171,1010,0,0,0,0,0
2024-01-08,United,N550XX,758,ORD,CityName,State,DFW,CityName,State,0,0,0,0,0,,148,2126,0,0,0,0,0
2024-01-18,Southwest,N504XX,880,ORD,CityName,State,JFK,CityName,State,0,0,0,0,0,,245,2179,0,0,0,0,0
2024-01-18,Delta,N813XX,2340,MIA,CityName,State,ATL,CityName,State,0,0,0,0,0,,212,1763,0,0,0,0,0
2024-01-12,United,N356XX,394,ATL,CityName,State,MIA,CityName,State,0,0,0,0,0,,114,566,0,0,0,0,0
2024-01-17,Southwest,N645XX,6384,SFO,CityName,State,LAX,CityName,State,0,0,0,0,0,,278,1388,0,0,0,0,0
2024-01-08,Delta,N601XX,6046,MIA,CityName,State,ORD,CityName,State,15,1,10,1,0,,84,2139,15,0,0,0,0
2024-01-24,Southwest,N493XX,7748,ATL,CityName,State,SFO,CityName,State,30,1,25,1,0,,126,942,30,0,0,0,0
2024-01-12,American,N686XX,1215,JFK,CityName,State,MIA,CityName,State,60,1,55,1,0,,170,628,0,60,0,0,0
2024-01-22,Delta,N414XX,7325,JFK,CityName,State,ATL,CityName,State,30,1,25,1,0,,167,691,0,30,0,0,0
2024-01-09,American,N826XX,297,LAX,CityName,State,ATL,CityName,State,0,0,0,0,0,,79,1686,0,0,0,0,0
2024-01-28,United,N348XX,1263,ATL,CityName,State,DFW,CityName,State,0,0,0,0,0,,197,1966,0,0,0,0,0
2024-01-22,United,N147XX,2461,ATL,CityName,State,DFW,CityName,State,120,1,115,1,0,,224,1799,0,0,120,0,0
2024-01-15,Delta,N635XX,6363,ORD,CityName,State,MIA,CityName,State,0,0,0,0,0,,186,1476,0,0,0,0,0
2024-01-25,Southwest,N299XX,5315,LAX,CityName,State,JFK,CityName,State,120,1,115,1,0,,285,576,0,0,0,0,120
2024-01-08,United,N236XX,4498,SFO,CityName,State,SFO,CityName,State,60,1,55,1,0,,81,340,0,0,60,0,0
2024-01-24,United,N784XX,9269,LAX,CityName,State,JFK,CityName,State,0,0,0,0,0,,174,1151,0,0,0,0,0
2024-01-18,United,N496XX,5671,MIA,CityName,State,MIA,CityName,State,0,0,0,0,0,,143,2369,0,0,0,0,0
2024-01-04,JetBlue,N821XX,7219,ORD,CityName,State,MIA,CityName,State,0,0,0,0,0,,253,1969,0,0,0,0,0
2024-01-24,JetBlue,N901XX,7513,LAX,CityName,State,ATL,CityName,State,0,0,0,0,0,,155,1146,0,0,0,0,0
2024-01-29,American,N628XX,9271,MIA,CityName,State,SFO,CityName,State,60,1,55,1,0,,178,2192,0,0,0,0,60
2024-01-25,JetBlue,N817XX,980,JFK,CityName,State,MIA,CityName,State,0,0,0,0,0,,107,898,0,0,0,0,0
2024-01-23,United,N687XX,7398,JFK,CityName,State,SFO,CityName,State,0,0,0,0,0,,60,1740,0,0,0,0,0
2024-01-11,Delta,N476XX,2285,ORD,CityName,State,LAX,CityName,State,0,0,0,0,0,,283,689,0,0,0,0,0
2024-01-03,United,N856XX,7247,MIA,CityName,State,JFK,CityName,State,0,0,0,0,0,,252,1037,0,0,0,0,0
2024-01-12,United,N775XX,7970,ORD,CityName,State,ATL,CityName,State,15,1,10,1,0,,252,1339,15,0,0,0,0
2024-01-20,United,N365XX,5718,DFW,CityName,State,JFK,CityName,State,0,0,0,0,0,,147,2154,0,0,0,0,0
2024-01-27,JetBlue,N665XX,9055,JFK,CityName,State,JFK,CityName,State,0,0,0,0,0,,132,537,0,0,0,0,0
2024-01-08,Delta,N539XX,3166,ORD,CityName,State,ORD,CityName,State,0,0,0,0,0,,114,2407,0,0,0,0,0
2024-01-29,Southwest,N934XX,5954,JFK,CityName,State,ATL,CityName,State,15,1,10,1,0,,108,2311,0,0,0,0,15
2024-01-02,Delta,N118XX,1425,DFW,CityName,State,ATL,CityName,State,30,1,25,1,0,,277,1641,0,0,30,0,0
2024-01-23,American,N604XX,5754,DFW,CityName,State,MIA,CityName,State,0,0,0,0,0,,155,2333,0,0,0,0,0
2024-01-07,JetBlue,N790XX,4945,ATL,CityName,State,ORD,CityName,State,0,0,0,0,0,,63,1241,0,0,0,0,0
2024-01-29,Southwest,N120XX,9879,ATL,CityName,State,JFK,CityName,State,0,0,0,0,1,A,142,265,0,0,0,0,0
2024-01-13,United,N217XX,672,ORD,CityName,State,SFO,CityName,State,0,0,0,0,0,,135,1976,0,0,0,0,0
2024-01-22,Southwest,N715XX,3072,ATL,CityName,State,ATL,CityName,State,0,0,0,0,0,,196,1014,0,0,0,0,0
2024-01-07,Delta,N584XX,1485,DFW,CityName,State,MIA,CityName,State,30,1,25,1,0,,82,292,30,0,0,0,0
2024-01-18,American,N619XX,2093,JFK,CityName,State,LAX,CityName,State,0,0,0,0,0,,163,1270,0,0,0,0,0
2024-01-27,Delta,N400XX,3807,DFW,CityName,State,SFO,CityName,State,0,0,0,0,0,,297,691,0,0,0,0,0
2024-01-16,United,N813XX,8785,DFW,CityName,State,MIA,CityName,State,0,0,0,0,0,,76,1669,0,0,0,0,0
2024-01-12,JetBlue,N122XX,1426,ORD,CityName,State,ORD,CityName,State,0,0,0,0,0,,70,1230,0,0,0,0,0
2024-01-04,Delta,N166XX,6952,DFW,CityName,State,DFW,CityName,State,0,0,0,0,0,,219,295,0,0,0,0,0
2024-01-09,Delta,N849XX,1149,ATL,CityName,State,ORD,CityName,State,15,1,10,1,0,,123,2063,0,0,0,0,15
2024-01-06,Southwest,N387XX,3255,SFO,CityName,State,JFK,CityName,State,0,0,0,0,0,,102,1846,0,0,0,0,0
2024-01-25,United,N797XX,2547,SFO,CityName,State,ORD,CityName,State,0,0,0,0,0,,209,1206,0,0,0,0,0
2024-01-25,American,N819XX,9129,SFO,CityName,State,SFO,CityName,State,0,0,0,0,0,,155,1039,0,0,0,0,0
2024-01-22,American,N766XX,3550,SFO,CityName,State,JFK,CityName,State,0,0,0,0,0,,184,858,0,0,0,0,0
2024-01-03,JetBlue,N752XX,7739,SFO,CityName,State,LAX,CityName,State,0,0,0,0,0,,165,1284,0,0,0,0,0
2024-01-30,American,N157XX,2903,ORD,CityName,State,JFK,CityName,State,0,0,0,0,0,,153,1272,0,0,0,0,0
2024-01-20,United,N649XX,6621,DFW,CityName,State,ORD,CityName,State,0,0,0,0,0,,135,1119,0,0,0,0,0
2024-01-16,Southwest,N806XX,9632,MIA,CityName,State,ORD,CityName,State,15,1,10,1,0,,163,615,0,0,15,0,0
2024-01-30,Delta,N125XX,8466,SFO,CityName,State,DFW,CityName,State,0,0,0,0,0,,193,1223,0,0,0,0,0
2024-01-03,Southwest,N515XX,1419,MIA,CityName,State,SFO,CityName,State,0,0,0,0,0,,229,1325,0,0,0,0,0
2024-01-11,Southwest,N258XX,8904,LAX,CityName,State,ATL,CityName,State,30,1,25,1,0,,133,466,0,0,30,0,0
2024-01-25,United,N377XX,738,DFW,CityName,State,SFO,CityName,State,0,0,0,0,0,,98,1364,0,0,0,0,0
2024-01-13,United,N744XX,6625,ATL,CityName,State,DFW,CityName,State,0,0,0,0,0,,73,1680,0,0,0,0,0
2024-01-03,Delta,N486XX,2764,ATL,CityName,State,ORD,CityName,State,30,1,25,1,0,,206,2185,30,0,0,0,0
2024-01-23,Delta,N877XX,4822,LAX,CityName,State,ORD,CityName,State,0,0,0,0,0,,242,563,0,0,0,0,0
2024-01-16,United,N886XX,7872,MIA,CityName,State,LAX,CityName,State,0,0,0,0,0,,262,269,0,0,0,0,0
2024-01-19,Delta,N944XX,8538,LAX,CityName,State,DFW,CityName,State,0,0,0,0,0,,190,518,0,0,0,0,0
2024-01-18,Delta,N298XX,9022,LAX,CityName,State,MIA,CityName,State,0,0,0,0,0,,153,1994,0,0,0,0,0
2024-01-12,United,N798XX,5528,LAX,CityName,State,JFK,CityName,State,0,0,0,0,0,,117,2353,0,0,0,0,0
2024-01-02,Southwest,N627XX,114,JFK,CityName,State,LAX,CityName,State,0,0,0,0,0,,106,1087,0,0,0,0,0
2024-01-12,Delta,N889XX,8915,DFW,CityName,State,MIA,CityName,State,0,0,0,0,0,,155,1994,0,0,0,0,0
2024-01-21,Delta,N516XX,6128,SFO,CityName,State,LAX,CityName,State,0,0,0,0,0,,93,2489,0,0,0,0,0
2024-01-08,United,N666XX,3728,ATL,CityName,State,LAX,CityName,State,0,0,0,0,0,,270,2410,0,0,0,0,0
2024-01-11,American,N174XX,8388,LAX,CityName,State,ATL,CityName,State,0,0,0,0,0,,114,1503,0,0,0,0,0
2024-01-16,Southwest,N602XX,9711,MIA,CityName,State,ORD,CityName,State,0,0,0,0,0,,261,943,0,0,0,0,0
2024-01-23,Delta,N565XX,8564,DFW,CityName,State,SFO,CityName,State,0,0,0,0,0,,74,587,0,0,0,0,0
2024-01-20,Southwest,N325XX,629,JFK,CityName,State,JFK,CityName,State,0,0,0,0,0,,230,405,0,0,0,0,0
2024-01-19,Delta,N205XX,4202,MIA,CityName,State,DFW,CityName,State,0,0,0,0,0,,143,2377,0,0,0,0,0
2024-01-28,United,N771XX,5485,DFW,CityName,State,ORD,CityName,State,0,0,0,0,0,,156,2287,0,0,0,0,0
2024-01-30,Southwest,N494XX,4182,LAX,CityName,State,SFO,CityName,State,0,0,0,0,0,,197,2361,0,0,0,0,0
2024-01-27,Southwest,N156XX,8878,ORD,CityName,State,SFO,CityName,State,15,1,10,1,0,,191,2443,0,15,0,0,0
2024-01-27,JetBlue,N396XX,5051,SFO,CityName,State,ORD,CityName,State,0,0,0,0,0,,121,856,0,0,0,0,0
2024-01-30,Southwest,N383XX,5140,LAX,CityName,State,ORD,CityName,State,0,0,0,0,0,,172,2099,0,0,0,0,0
2024-01-17,JetBlue,N241XX,5177,JFK,CityName,State,SFO,CityName,State,0,0,0,0,0,,180,1823,0,0,0,0,0
2024-01-26,JetBlue,N599XX,7247,DFW,CityName,State,ATL,CityName,State,30,1,25,1,0,,226,2004,0,30,0,0,0
2024-01-07,Delta,N439XX,8289,LAX,CityName,State,LAX,CityName,State,0,0,0,0,0,,210,321,0,0,0,0,0
2024-01-12,Southwest,N773XX,3917,DFW,CityName,State,ATL,CityName,State,0,0,0,0,0,,154,1391,0,0,0,0,0
2024-01-26,Delta,N973XX,4606,MIA,CityName,State,DFW,CityName,State,15,1,10,1,0,,156,1513,15,0,0,0,0
2024-01-15,American,N740XX,2887,ATL,CityName,State,ORD,CityName,State,0,0,0,0,0,,191,2199,0,0,0,0,0
2024-01-01,Southwest,N743XX,3296,ATL,CityName,State,LAX,CityName,State,0,0,0,0,0,,80,570,0,0,0,0,0
2024-01-14,Southwest,N123XX,2051,LAX,CityName,State,ORD,CityName,State,0,0,0,0,0,,232,346,0,0,0,0,0
2024-01-16,Delta,N702XX,5873,SFO,CityName,State,MIA,CityName,State,0,0,0,0,0,,140,2036,0,0,0,0,0
2024-01-01,American,N388XX,7060,ATL,CityName,State,JFK,CityName,State,0,0,0,0,1,A,259,285,0,0,0,0,0
2024-01-30,Delta,N305XX,2040,ORD,CityName,State,JFK,CityName,State,15,1,10,1,0,,287,1013,15,0,0,0,0
2024-01-08,Delta,N534XX,9420,ATL,CityName,State,JFK,CityName,State,0,0,0,0,0,,299,206,0,0,0,0,0
2024-01-30,American,N801XX,5686,ORD,CityName,State,JFK,CityName,State,0,0,0,0,0,,172,1245,0,0,0,0,0
2024-01-28,American,N989XX,2266,JFK,CityName,State,MIA,CityName,State,0,0,0,0,0,,101,1206,0,0,0,0,0
2024-01-05,Southwest,N603XX,4063,JFK,CityName,State,ORD,CityName,State,0,0,0,0,0,,206,1285,0,0,0,0,0
2024-01-02,United,N435XX,6973,ORD,CityName,State,DFW,CityName,State,0,0,0,0,0,,107,663,0,0,0,0,0
2024-01-10,JetBlue,N858XX,4243,DFW,CityName,State,SFO,CityName,State,0,0,0,0,0,,161,2285,0,0,0,0,0
2024-01-13,Southwest,N579XX,6890,DFW,CityName,State,JFK,CityName,State,0,0,0,0,0,,177,2168,0,0,0,0,0
2024-01-09,JetBlue,N812XX,5016,ORD,CityName,State,SFO,CityName,State,0,0,0,0,0,,294,333,0,0,0,0,0
2024-01-20,Delta,N549XX,9840,LAX,CityName,State,DFW,CityName,State,0,0,0,0,0,,156,1715,0,0,0,0,0
2024-01-06,American,N641XX,7159,MIA,CityName,State,JFK,CityName,State,15,1,10,1,0,,291,2419,15,0,0,0,0
2024-01-06,United,N976XX,907,JFK,CityName,State,JFK,CityName,State,0,0,0,0,0,,239,2460,0,0,0,0,0
2024-01-12,Southwest,N339XX,2603,LAX,CityName,State,SFO,CityName,State,0,0,0,0,0,,289,2016,0,0,0,0,0
2024-01-12,Southwest,N259XX,8590,ATL,CityName,State,SFO,CityName,State,30,1,25,1,0,,138,1553,0,0,0,0,30
2024-01-27,JetBlue,N255XX,8977,JFK,CityName,State,ORD,CityName,State,120,1,115,1,0,,222,456,0,0,0,0,120
2024-01-26,United,N312XX,253,ORD,CityName,State,LAX,CityName,State,0,0,0,0,0,,62,1386,0,0,0,0,0
2024-01-25,Southwest,N722XX,7310,MIA,CityName,State,ORD,CityName,State,0,0,0,0,0,,104,2290,0,0,0,0,0
2024-01-03,American,N588XX,4066,MIA,CityName,State,MIA,CityName,State,0,0,0,0,0,,200,1649,0,0,0,0,0
2024-01-22,United,N481XX,2833,LAX,CityName,State,SFO,CityName,State,0,0,0,0,0,,96,1837,0,0,0,0,0
2024-01-29,Delta,N476XX,7336,ORD,CityName,State,ATL,CityName,State,0,0,0,0,0,,92,2326,0,0,0,0,0
2024-01-25,Delta,N447XX,1402,ORD,CityName,State,LAX,CityName,State,0,0,0,0,0,,176,2384,0,0,0,0,0
2024-01-22,Southwest,N745XX,9601,LAX,CityName,State,LAX,CityName,State,0,0,0,0,0,,282,345,0,0,0,0,0
2024-01-28,Delta,N724XX,4747,JFK,CityName,State,DFW,CityName,State,0,0,0,0,0,,197,738,0,0,0,0,0
2024-01-30,Delta,N481XX,4959,ORD,CityName,State,SFO,CityName,State,0,0,0,0,0,,276,2265,0,0,0,0,0
2024-01-27,JetBlue,N615XX,8243,JFK,CityName,State,LAX,CityName,State,0,0,0,0,0,,299,2310,0,0,0,0,0
2024-01-06,American,N216XX,323,LAX,CityName,State,MIA,CityName,State,0,0,0,0,0,,93,1895,0,0,0,0,0
2024-01-16,Delta,N916XX,2507,ORD,CityName,State,DFW,CityName,State,0,0,0,0,0,,96,567,0,0,0,0,0
2024-01-19,Delta,N134XX,8158,SFO,CityName,State,ORD,CityName,State,0,0,0,0,0,,90,608,0,0,0,0,0
2024-01-15,American,N708XX,1392,JFK,CityName,State,LAX,CityName,State,0,0,0,0,0,,238,671,0,0,0,0,0
2024-01-28,American,N958XX,1025,ATL,CityName,State,ORD,CityName,State,0,0,0,0,0,,114,424,0,0,0,0,0
2024-01-29,JetBlue,N216XX,7452,SFO,CityName,State,JFK,CityName,State,0,0,0,0,0,,150,2132,0,0,0,0,0
2024-01-21,Southwest,N991XX,4979,MIA,CityName,State,LAX,CityName,State,60,1,55,1,0,,223,1374,60,0,0,0,0
2024-01-25,United,N459XX,469,MIA,CityName,State,ATL,CityName,State,0,0,0,0,0,,291,567,0,0,0,0,0
2024-01-26,JetBlue,N961XX,3375,LAX,CityName,State,MIA,CityName,State,0,0,0,0,0,,269,1381,0,0,0,0,0
2024-01-26,American,N784XX,116,DFW,CityName,State,JFK,CityName,State,30,1,25,1,0,,87,699,30,0,0,0,0
2024-01-11,JetBlue,N238XX,9922,MIA,CityName,State,JFK,CityName,State,0,0,0,0,0,,101,2417,0,0,0,0,0
2024-01-20,American,N778XX,6212,LAX,CityName,State,ORD,CityName,State,30,1,25,1,0,,208,563,30,0,0,0,0
2024-01-14,American,N863XX,605,MIA,CityName,State,JFK,CityName,State,0,0,0,0,0,,129,1272,0,0,0,0,0
2024-01-09,Southwest,N804XX,277,ATL,CityName,State,LAX,CityName,State,0,0,0,0,0,,72,2462,0,0,0,0,0
2024-01-04,JetBlue,N782XX,3096,MIA,CityName,State,LAX,CityName,State,0,0,0,0,0,,96,2097,0,0,0,0,0
2024-01-02,Delta,N400XX,811,ATL,CityName,State,ORD,CityName,State,15,1,10,1,0,,118,1302,0,0,15,0,0
2024-01-17,Southwest,N826XX,8933,JFK,CityName,State,LAX,CityName,State,0,0,0,0,0,,261,1306,0,0,0,0,0
2024-01-05,JetBlue,N182XX,2766,JFK,CityName,State,SFO,CityName,State,30,1,25,1,0,,128,1660,0,0,30,0,0
2024-01-12,Southwest,N697XX,6242,SFO,CityName,State,SFO,CityName,State,0,0,0,0,0,,106,402,0,0,0,0,0
2024-01-13,American,N829XX,7520,ATL,CityName,State,JFK,CityName,State,0,0,0,0,0,,135,606,0,0,0,0,0
2024-01-13,American,N414XX,5726,ORD,CityName,State,ATL,CityName,State,0,0,0,0,0,,83,2107,0,0,0,0,0
2024-01-24,United,N130XX,4506,JFK,CityName,State,LAX,CityName,State,0,0,0,0,0,,213,1967,0,0,0,0,0
2024-01-08,United,N768XX,3271,LAX,CityName,State,JFK,CityName,State,0,0,0,0,0,,201,1521,0,0,0,0,0
2024-01-12,United,N753XX,8347,ORD,CityName,State,ATL,CityName,State,0,0,0,0,0,,239,661,0,0,0,0,0
2024-01-30,Delta,N542XX,9226,SFO,CityName,State,LAX,CityName,State,0,0,0,0,0,,259,876,0,0,0,0,0
2024-01-04,American,N908XX,2485,ATL,CityName,State,MIA,CityName,State,0,0,0,0,0,,75,1757,0,0,0,0,0
2024-01-20,Delta,N483XX,2531,ORD,CityName,State,DFW,CityName,State,0,0,0,0,0,,142,588,0,0,0,0,0
2024-01-23,JetBlue,N846XX,8965,MIA,CityName,State,DFW,CityName,State,0,0,0,0,0,,137,642,0,0,0,0,0
2024-01-27,American,N406XX,2872,JFK,CityName,State,ATL,CityName,State,0,0,0,0,0,,130,1080,0,0,0,0,0
2024-01-28,Southwest,N215XX,3050,JFK,CityName,State,ORD,CityName,State,0,0,0,0,0,,279,1892,0,0,0,0,0
2024-01-24,Delta,N731XX,4945,JFK,CityName,State,ORD,CityName,State,0,0,0,0,0,,79,884,0,0,0,0,0
2024-01-29,United,N905XX,6317,LAX,CityName,State,DFW,CityName,State,0,0,0,0,0,,247,1566,0,0,0,0,0
2024-01-18,JetBlue,N570XX,7571,DFW,CityName,State,JFK,CityName,State,0,0,0,0,0,,180,1622,0,0,0,0,0
2024-01-17,JetBlue,N916XX,6460,LAX,CityName,State,ATL,CityName,State,30,1,25,1,0,,94,2477,30,0,0,0,0
2024-01-25,JetBlue,N350XX,8142,LAX,CityName,State,ORD,CityName,State,0,0,0,0,0,,63,374,0,0,0,0,0
2024-01-29,Delta,N422XX,7542,ATL,CityName,State,DFW,CityName,State,0,0,0,0,0,,83,519,0,0,0,0,0
2024-01-23,Delta,N887XX,7241,JFK,CityName,State,LAX,CityName,State,0,0,0,0,0,,273,451,0,0,0,0,0
2024-01-28,JetBlue,N226XX,8668,SFO,CityName,State,LAX,CityName,State,0,0,0,0,0,,119,1215,0,0,0,0,0
2024-01-28,United,N588XX,6210,ORD,CityName,State,MIA,CityName,State,0,0,0,0,0,,94,593,0,0,0,0,0
2024-01-16,Southwest,N552XX,4307,SFO,CityName,State,ORD,CityName,State,0,0,0,0,0,,259,2018,0,0,0,0,0
2024-01-12,JetBlue,N341XX,2089,MIA,CityName,State,ORD,CityName,State,15,1,10,1,0,,246,2137,0,0,0,0,15
2024-01-06,JetBlue,N995XX,3006,JFK,CityName,State,DFW,CityName,State,0,0,0,0,0,,88,421,0,0,0,0,0
2024-01-20,Southwest,N176XX,8513,SFO,CityName,State,JFK,CityName,State,0,0,0,0,0,,87,416,0,0,0,0,0
2024-01-04,American,N239XX,3085,LAX,CityName,State,ORD,CityName,State,30,1,25,1,0,,123,2307,0,0,30,0,0
2024-01-27,American,N788XX,3558,LAX,CityName,State,ATL,CityName,State,0,0,0,0,0,,294,1889,0,0,0,0,0
2024-01-16,JetBlue,N368XX,1441,MIA,CityName,State,ATL,CityName,State,0,0,0,0,0,,287,369,0,0,0,0,0
2024-01-08,American,N121XX,4237,MIA,CityName,State,ATL,CityName,State,0,0,0,0,0,,185,595,0,0,0,0,0
2024-01-15,United,N309XX,6590,MIA,CityName,State,JFK,CityName,State,0,0,0,0,0,,115,1276,0,0,0,0,0
2024-01-28,American,N989XX,8043,SFO,CityName,State,MIA,CityName,State,0,0,0,0,0,,235,1064,0,0,0,0,0
2024-01-08,American,N281XX,7101,LAX,CityName,State,SFO,CityName,State,0,0,0,0,1,A,93,1208,0,0,0,0,0
2024-01-19,United,N407XX,5329,DFW,CityName,State,ORD,CityName,State,0,0,0,0,0,,150,731,0,0,0,0,0
2024-01-22,Southwest,N360XX,8530,ATL,CityName,State,MIA,CityName,State,0,0,0,0,0,,93,1639,0,0,0,0,0
2024-01-08,American,N546XX,1034,SFO,CityName,State,MIA,CityName,State,0,0,0,0,0,,297,1747,0,0,0,0,0
2024-01-27,JetBlue,N404XX,8357,JFK,CityName,State,DFW,CityName,State,0,0,0,0,1,A,98,418,0,0,0,0,0
2024-01-15,JetBlue,N368XX,9177,JFK,CityName,State,SFO,CityName,State,0,0,0,0,0,,262,498,0,0,0,0,0
2024-01-26,Southwest,N680XX,2285,DFW,CityName,State,MIA,CityName,State,0,0,0,0,0,,85,340,0,0,0,0,0
2024-01-16,United,N487XX,4653,LAX,CityName,State,ORD,CityName,State,0,0,0,0,0,,222,456,0,0,0,0,0
2024-01-29,Delta,N591XX,8759,DFW,CityName,State,ORD,CityName,State,15,1,10,1,0,,93,1852,0,0,15,0,0
2024-01-13,Southwest,N502XX,2500,ATL,CityName,State,MIA,CityName,State,0,0,0,0,0,,256,1501,0,0,0,0,0
2024-01-12,Southwest,N368XX,3873,SFO,CityName,State,JFK,CityName,State,0,0,0,0,0,,64,1395,0,0,0,0,0
2024-01-15,Southwest,N795XX,1268,MIA,CityName,State,JFK,CityName,State,30,1,25,1,0,,262,2108,30,0,0,0,0
2024-01-05,Southwest,N133XX,1465,JFK,CityName,State,DFW,CityName,State,15,1,10,1,0,,110,1544,0,0,0,0,15
2024-01-17,United,N118XX,553,ORD,CityName,State,ORD,CityName,State,0,0,0,0,0,,78,1285,0,0,0,0,0
2024-01-04,JetBlue,N615XX,1316,LAX,CityName,State,ORD,CityName,State,0,0,0,0,0,,222,1473,0,0,0,0,0
2024-01-23,American,N692XX,821,ATL,CityName,State,JFK,CityName,State,30,1,25,1,0,,63,1641,30,0,0,0,0
2024-01-14,Southwest,N407XX,5629,ATL,CityName,State,ATL,CityName,State,0,0,0,0,0,,241,1039,0,0,0,0,0
2024-01-24,American,N541XX,8610,DFW,CityName,State,LAX,CityName,State,60,1,55,1,0,,90,395,0,60,0,0,0
2024-01-29,Delta,N505XX,1386,ORD,CityName,State,ORD,CityName,State,0,0,0,0,0,,207,1122,0,0,0,0,0
2024-01-24,Delta,N890XX,6524,LAX,CityName,State,SFO,CityName,State,0,0,0,0,0,,121,1518,0,0,0,0,0
2024-01-28,Delta,N108XX,5005,JFK,CityName,State,ORD,CityName,State,0,0,0,0,0,,186,857,0,0,0,0,0
2024-01-27,Delta,N942XX,5070,MIA,CityName,State,MIA,CityName,State,0,0,0,0,0,,159,2450,0,0,0,0,0
2024-01-25,JetBlue,N328XX,4361,LAX,CityName,State,ORD,CityName,State,60,1,55,1,0,,60,1985,0,0,60,0,0
2024-01-14,JetBlue,N750XX,5418,ATL,CityName,State,DFW,CityName,State,0,0,0,0,0,,278,434,0,0,0,0,0
2024-01-29,American,N288XX,6515,JFK,CityName,State,SFO,CityName,State,30,1,25,1,0,,166,1441,0,0,30,0,0
2024-01-08,JetBlue,N454XX,9438,MIA,CityName,State,DFW,CityName,State,0,0,0,0,0,,265,2493,0,0,0,0,0
2024-01-26,JetBlue,N887XX,3524,LAX,CityName,State,DFW,CityName,State,0,0,0,0,0,,198,1783,0,0,0,0,0
2024-01-30,United,N971XX,2420,MIA,CityName,State,JFK,CityName,State,15,1,10,1,0,,198,2497,0,0,0,0,15
2024-01-11,Southwest,N629XX,4587,MIA,CityName,State,LAX,CityName,State,0,0,0,0,0,,215,1591,0,0,0,0,0
2024-01-03,Delta,N973XX,2028,LAX,CityName,State,ORD,CityName,State,0,0,0,0,0,,182,969,0,0,0,0,0
2024-01-02,Southwest,N250XX,9419,SFO,CityName,State,ATL,CityName,State,0,0,0,0,0,,164,1348,0,0,0,0,0
2024-01-05,Southwest,N311XX,5244,ORD,CityName,State,ATL,CityName,State,15,1,10,1,0,,83,413,0,0,15,0,0
2024-01-18,Delta,N504XX,5961,ORD,CityName,State,SFO,CityName,State,0,0,0,0,0,,96,1603,0,0,0,0,0
2024-01-09,American,N690XX,3203,SFO,CityName,State,ORD,CityName,State,15,1,10,1,0,,275,795,15,0,0,0,0
2024-01-29,Southwest,N409XX,2724,DFW,CityName,State,LAX,CityName,State,60,1,55,1,0,,157,241,60,0,0,0,0
2024-01-05,Southwest,N661XX,2773,ORD,CityName,State,JFK,CityName,State,15,1,10,1,0,,170,1893,0,0,0,0,15
2024-01-04,Delta,N185XX,5669,LAX,CityName,State,SFO,CityName,State,0,0,0,0,0,,278,2002,0,0,0,0,0
2024-01-02,American,N170XX,4752,LAX,CityName,State,MIA,CityName,State,15,1,10,1,0,,126,1875,15,0,0,0,0
2024-01-18,JetBlue,N238XX,2935,LAX,CityName,State,ORD,CityName,State,30,1,25,1,0,,229,498,0,0,0,0,30
2024-01-27,American,N537XX,1399,ATL,CityName,State,ORD,CityName,State,0,0,0,0,0,,174,662,0,0,0,0,0
2024-01-11,Delta,N576XX,2184,MIA,CityName,State,LAX,CityName,State,15,1,10,1,0,,180,257,15,0,0,0,0
2024-01-02,United,N422XX,1671,JFK,CityName,State,LAX,CityName,State,0,0,0,0,0,,206,2113,0,0,0,0,0
2024-01-17,Southwest,N216XX,1994,SFO,CityName,State,LAX,CityName,State,0,0,0,0,0,,273,1163,0,0,0,0,0
2024-01-26,Southwest,N814XX,4675,MIA,CityName,State,ORD,CityName,State,0,0,0,0,0,,186,2321,0,0,0,0,0
2024-01-14,JetBlue,N437XX,6576,LAX,CityName,State,JFK,CityName,State,0,0,0,0,0,,176,214,0,0,0,0,0
2024-01-18,American,N889XX,7992,ATL,CityName,State,LAX,CityName,State,0,0,0,0,0,,101,2043,0,0,0,0,0
2024-01-20,United,N315XX,3774,DFW,CityName,State,ATL,CityName,State,0,0,0,0,0,,237,2010,0,0,0,0,0
2024-01-20,Southwest,N589XX,2263,ORD,CityName,State,ATL,CityName,State,0,0,0,0,0,,93,1003,0,0,0,0,0
2024-01-14,American,N649XX,107,MIA,CityName,State,MIA,CityName,State,0,0,0,0,0,,214,1350,0,0,0,0,0
2024-01-05,United,N817XX,1935,ORD,CityName,State,ATL,CityName,State,0,0,0,0,0,,202,1698,0,0,0,0,0
2024-01-09,Delta,N273XX,9609,LAX,CityName,State,LAX,CityName,State,0,0,0,0,0,,83,1724,0,0,0,0,0
2024-01-30,United,N899XX,7983,DFW,CityName,State,ORD,CityName,State,0,0,0,0,0,,216,1751,0,0,0,0,0
2024-01-14,American,N579XX,484,ORD,CityName,State,JFK,CityName,State,0,0,0,0,0,,120,1242,0,0,0,0,0
2024-01-09,American,N876XX,5054,ORD,CityName,State,ATL,CityName,State,0,0,0,0,0,,60,2273,0,0,0,0,0
2024-01-22,American,N866XX,3285,ORD,CityName,State,ORD,CityName,State,0,0,0,0,0,,124,2129,0,0,0,0,0
2024-01-04,JetBlue,N148XX,6264,SFO,CityName,State,ATL,CityName,State,0,0,0,0,0,,218,2407,0,0,0,0,0
2024-01-18,United,N958XX,3440,DFW,CityName,State,ORD,CityName,State,0,0,0,0,0,,189,1138,0,0,0,0,0
2024-01-26,American,N654XX,9713,JFK,CityName,State,ATL,CityName,State,0,0,0,0,0,,183,1374,0,0,0,0,0
2024-01-03,JetBlue,N631XX,185,SFO,CityName,State,ORD,CityName,State,0,0,0,0,0,,164,926,0,0,0,0,0
2024-01-02,Southwest,N869XX,7739,LAX,CityName,State,ORD,CityName,State,0,0,0,0,0,,178,261,0,0,0,0,0
2024-01-09,JetBlue,N238XX,3886,SFO,CityName,State,LAX,CityName,State,0,0,0,0,0,,277,2340,0,0,0,0,0
2024-01-28,JetBlue,N988XX,2911,ORD,CityName,State,ATL,CityName,State,0,0,0,0,0,,138,424,0,0,0,0,0
2024-01-14,United,N764XX,8679,ORD,CityName,State,SFO,CityName,State,0,0,0,0,0,,97,1373,0,0,0,0,0
2024-01-04,JetBlue,N197XX,7365,SFO,CityName,State,SFO,CityName,State,0,0,0,0,0,,283,859,0,0,0,0,0
2024-01-17,Southwest,N774XX,3654,ORD,CityName,State,MIA,CityName,State,0,0,0,0,0,,284,2346,0,0,0,0,0
2024-01-17,American,N149XX,1105,ORD,CityName,State,DFW,CityName,State,0,0,0,0,0,,248,879,0,0,0,0,0
2024-01-06,United,N331XX,6101,DFW,CityName,State,ORD,CityName,State,0,0,0,0,0,,266,807,0,0,0,0,0
2024-01-13,American,N239XX,6166,JFK,CityName,State,DFW,CityName,State,0,0,0,0,0,,94,1767,0,0,0,0,0
2024-01-11,Southwest,N431XX,7052,SFO,CityName,State,LAX,CityName,State,0,0,0,0,0,,205,1610,0,0,0,0,0
2024-01-20,United,N772XX,6965,ORD,CityName,State,LAX,CityName,State,0,0,0,0,0,,199,1540,0,0,0,0,0
2024-01-10,Southwest,N344XX,7150,LAX,CityName,State,JFK,CityName,State,0,0,0,0,0,,281,1429,0,0,0,0,0
2024-01-21,JetBlue,N519XX,4234,MIA,CityName,State,LAX,CityName,State,60,1,55,1,0,,239,1365,60,0,0,0,0
2024-01-20,American,N874XX,3505,DFW,CityName,State,ORD,CityName,State,60,1,55,1,0,,108,1234,60,0,0,0,0
2024-01-18,JetBlue,N196XX,2904,LAX,CityName,State,ORD,CityName,State,0,0,0,0,0,,213,805,0,0,0,0,0
2024-01-18,American,N190XX,1585,LAX,CityName,State,JFK,CityName,State,30,1,25,1,0,,241,1450,0,0,30,0,0
2024-01-18,JetBlue,N989XX,2560,ATL,CityName,State,JFK,CityName,State,0,0,0,0,1,A,77,1020,0,0,0,0,0
2024-01-30,United,N105XX,6280,ATL,CityName,State,ORD,CityName,State,0,0,0,0,0,,88,2125,0,0,0,0,0
2024-01-12,Southwest,N270XX,4461,DFW,CityName,State,JFK,CityName,State,0,0,0,0,0,,96,579,0,0,0,0,0
2024-01-08,Delta,N271XX,7564,JFK,CityName,State,ORD,CityName,State,0,0,0,0,0,,206,1609,0,0,0,0,0
2024-01-29,Southwest,N337XX,8877,JFK,CityName,State,SFO,CityName,State,0,0,0,0,0,,108,516,0,0,0,0,0
2024-01-04,American,N975XX,9144,DFW,CityName,State,SFO,CityName,State,0,0,0,0,0,,281,220,0,0,0,0,0
2024-01-24,JetBlue,N765XX,9135,SFO,CityName,State,SFO,CityName,State,0,0,0,0,0,,158,1214,0,0,0,0,0
2024-01-23,JetBlue,N131XX,4485,ATL,CityName,State,ORD,CityName,State,0,0,0,0,0,,251,390,0,0,0,0,0
2024-01-30,JetBlue,N611XX,6882,JFK,CityName,State,JFK,CityName,State,0,0,0,0,0,,118,1574,0,0,0,0,0
2024-01-20,Delta,N301XX,8923,ATL,CityName,State,SFO,CityName,State,0,0,0,0,0,,101,713,0,0,0,0,0
2024-01-19,American,N315XX,3783,ATL,CityName,State,DFW,CityName,State,0,0,0,0,0,,205,1374,0,0,0,0,0
2024-01-05,American,N695XX,2697,LAX,CityName,State,MIA,CityName,State,0,0,0,0,0,,113,1654,0,0,0,0,0
2024-01-20,United,N906XX,2651,DFW,CityName,State,SFO,CityName,State,0,0,0,0,0,,82,772,0,0,0,0,0
2024-01-25,American,N968XX,7736,ORD,CityName,State,DFW,CityName,State,0,0,0,0,0,,214,1477,0,0,0,0,0
2024-01-26,United,N589XX,6363,ORD,CityName,State,DFW,CityName,State,0,0,0,0,0,,286,629,0,0,0,0,0
2024-01-15,American,N320XX,1795,JFK,CityName,State,LAX,CityName,State,0,0,0,0,0,,255,511,0,0,0,0,0
2024-01-26,Southwest,N849XX,3676,LAX,CityName,State,SFO,CityName,State,0,0,0,0,0,,290,2432,0,0,0,0,0
2024-01-23,American,N671XX,8663,DFW,CityName,State,LAX,CityName,State,0,0,0,0,0,,195,1408,0,0,0,0,0
2024-01-10,American,N656XX,2744,MIA,CityName,State,SFO,CityName,State,15,1,10,1,0,,243,2463,15,0,0,0,0
2024-01-02,Southwest,N179XX,7012,LAX,CityName,State,ATL,CityName,State,0,0,0,0,0,,278,373,0,0,0,0,0
2024-01-20,JetBlue,N927XX,4093,JFK,CityName,State,DFW,CityName,State,0,0,0,0,0,,152,1744,0,0,0,0,0
2024-01-27,Delta,N218XX,374,SFO,CityName,State,JFK,CityName,State,0,0,0,0,0,,144,1472,0,0,0,0,0
2024-01-16,United,N102XX,6086,LAX,CityName,State,LAX,CityName,State,0,0,0,0,0,,155,797,0,0,0,0,0
2024-01-10,JetBlue,N385XX,4700,DFW,CityName,State,MIA,CityName,State,0,0,0,0,0,,75,1475,0,0,0,0,0
2024-01-26,JetBlue,N466XX,9317,JFK,CityName,State,MIA,CityName,State,0,0,0,0,0,,209,1955,0,0,0,0,0
2024-01-09,Delta,N307XX,5645,ATL,CityName,State,ATL,CityName,State,0,0,0,0,0,,296,1016,0,0,0,0,0
2024-01-02,United,N887XX,3635,ORD,CityName,State,SFO,CityName,State,0,0,0,0,0,,266,1480,0,0,0,0,0
2024-01-27,JetBlue,N472XX,9058,ATL,CityName,State,MIA,CityName,State,0,0,0,0,0,,249,2489,0,0,0,0,0
2024-01-28,United,N559XX,8816,ORD,CityName,State,ORD,CityName,State,15,1,10,1,0,,103,1485,0,0,15,0,0
2024-01-19,Delta,N692XX,4407,JFK,CityName,State,SFO,CityName,State,0,0,0,0,0,,166,481,0,0,0,0,0
2024-01-29,United,N831XX,8310,LAX,CityName,State,ORD,CityName,State,15,1,10,1,0,,103,433,0,15,0,0,0
2024-01-08,JetBlue,N600XX,1123,MIA,CityName,State,ATL,CityName,State,0,0,0,0,0,,233,1559,0,0,0,0,0
2024-01-17,Delta,N330XX,9988,MIA,CityName,State,ORD,CityName,State,0,0,0,0,0,,290,2107,0,0,0,0,0
2024-01-11,JetBlue,N518XX,777,MIA,CityName,State,SFO,CityName,State,0,0,0,0,0,,257,614,0,0,0,0,0
2024-01-24,JetBlue,N726XX,5103,MIA,CityName,State,ATL,CityName,State,0,0,0,0,0,,156,2343,0,0,0,0,0
2024-01-18,American,N777XX,5421,MIA,CityName,State,LAX,CityName,State,0,0,0,0,0,,75,232,0,0,0,0,0
2024-01-12,Delta,N396XX,6528,JFK,CityName,State,DFW,CityName,State,0,0,0,0,0,,265,728,0,0,0,0,0
2024-01-15,JetBlue,N813XX,361,ATL,CityName,State,ATL,CityName,State,0,0,0,0,0,,272,691,0,0,0,0,0
2024-01-13,Delta,N355XX,9473,ORD,CityName,State,MIA,CityName,State,0,0,0,0,0,,120,1382,0,0,0,0,0
2024-01-14,American,N267XX,9393,ATL,CityName,State,ATL,CityName,State,0,0,0,0,0,,151,252,0,0,0,0,0
2024-01-17,United,N132XX,355,DFW,CityName,State,ORD,CityName,State,0,0,0,0,0,,170,215,0,0,0,0,0
2024-01-22,United,N528XX,3178,SFO,CityName,State,DFW,CityName,State,0,0,0,0,0,,155,1751,0,0,0,0,0
2024-01-08,Delta,N896XX,4881,DFW,CityName,State,ORD,CityName,State,0,0,0,0,0,,82,1773,0,0,0,0,0
2024-01-08,United,N381XX,8678,ORD,CityName,State,ATL,CityName,State,0,0,0,0,0,,101,1476,0,0,0,0,0
2024-01-22,Delta,N788XX,7043,ATL,CityName,State,ATL,CityName,State,0,0,0,0,0,,131,725,0,0,0,0,0
2024-01-27,Delta,N291XX,7809,DFW,CityName,State,ATL,CityName,State,0,0,0,0,0,,220,837,0,0,0,0,0
2024-01-07,United,N230XX,6304,LAX,CityName,State,ATL,CityName,State,0,0,0,0,0,,74,1723,0,0,0,0,0
2024-01-21,American,N173XX,5392,SFO,CityName,State,DFW,CityName,State,0,0,0,0,0,,284,973,0,0,0,0,0
2024-01-04,Southwest,N742XX,8705,SFO,CityName,State,ORD,CityName,State,0,0,0,0,0,,185,352,0,0,0,0,0
2024-01-14,Delta,N933XX,1474,MIA,CityName,State,LAX,CityName,State,60,1,55,1,0,,81,980,0,0,0,0,60
2024-01-18,Delta,N511XX,2288,ATL,CityName,State,LAX,CityName,State,0,0,0,0,0,,130,2415,0,0,0,0,0
2024-01-23,American,N283XX,2100,DFW,CityName,State,JFK,CityName,State,30,1,25,1,0,,174,1612,0,0,30,0,0
2024-01-18,United,N544XX,3683,MIA,CityName,State,LAX,CityName,State,0,0,0,0,0,,169,815,0,0,0,0,0
2024-01-10,JetBlue,N379XX,199,LAX,CityName,State,ATL,CityName,State,15,1,10,1,0,,126,2432,15,0,0,0,0
2024-01-10,American,N487XX,5701,LAX,CityName,State,JFK,CityName,State,0,0,0,0,0,,250,2484,0,0,0,0,0
2024-01-16,United,N549XX,6362,MIA,CityName,State,MIA,CityName,State,0,0,0,0,0,,216,1404,0,0,0,0,0
2024-01-29,Southwest,N619XX,3573,MIA,CityName,State,MIA,CityName,State,0,0,0,0,0,,136,2489,0,0,0,0,0
2024-01-29,American,N584XX,1446,JFK,CityName,State,DFW,CityName,State,0,0,0,0,0,,136,1906,0,0,0,0,0
2024-01-22,Southwest,N441XX,9843,ORD,CityName,State,ORD,CityName,State,0,0,0,0,0,,280,1287,0,0,0,0,0
2024-01-24,Southwest,N209XX,4044,JFK,CityName,State,SFO,CityName,State,0,0,0,0,0,,190,911,0,0,0,0,0
2024-01-26,JetBlue,N304XX,6892,JFK,CityName,State,MIA,CityName,State,0,0,0,0,0,,132,725,0,0,0,0,0
2024-01-11,Southwest,N926XX,5161,SFO,CityName,State,ATL,CityName,State,0,0,0,0,0,,174,1213,0,0,0,0,0
2024-01-24,Southwest,N166XX,8508,ORD,CityName,State,SFO,CityName,State,0,0,0,0,0,,255,885,0,0,0,0,0
2024-01-28,United,N356XX,6979,JFK,CityName,State,ORD,CityName,State,0,0,0,0,0,,259,2123,0,0,0,0,0
2024-01-01,JetBlue,N200XX,4612,LAX,CityName,State,LAX,CityName,State,0,0,0,0,0,,156,1776,0,0,0,0,0
2024-01-09,United,N842XX,2668,MIA,CityName,State,JFK,CityName,State,0,0,0,0,0,,116,988,0,0,0,0,0
2024-01-11,Delta,N604XX,1549,JFK,CityName,State,SFO,CityName,State,15,1,10,1,0,,247,1419,15,0,0,0,0
2024-01-06,Delta,N383XX,6402,JFK,CityName,State,SFO,CityName,State,0,0,0,0,0,,104,624,0,0,0,0,0
2024-01-12,JetBlue,N472XX,7100,ORD,CityName,State,JFK,CityName,State,0,0,0,0,0,,122,2353,0,0,0,0,0
2024-01-11,United,N440XX,3108,ORD,CityName,State,DFW,CityName,State,0,0,0,0,0,,72,2376,0,0,0,0,0
2024-01-17,United,N537XX,5464,JFK,CityName,State,ATL,CityName,State,15,1,10,1,0,,136,1670,0,0,0,0,15
2024-01-29,Delta,N815XX,8705,ATL,CityName,State,MIA,CityName,State,15,1,10,1,0,,126,340,15,0,0,0,0
2024-01-27,United,N107XX,6367,MIA,CityName,State,MIA,CityName,State,15,1,10,1,0,,167,1798,0,0,0,0,15
2024-01-21,JetBlue,N212XX,4572,DFW,CityName,State,ATL,CityName,State,0,0,0,0,0,,211,1644,0,0,0,0,0
2024-01-12,United,N870XX,6090,DFW,CityName,State,ATL,CityName,State,0,0,0,0,0,,62,1696,0,0,0,0,0
2024-01-16,American,N765XX,4632,LAX,CityName,State,DFW,CityName,State,0,0,0,0,0,,84,398,0,0,0,0,0
2024-01-04,American,N334XX,635,JFK,CityName,State,ATL,CityName,State,60,1,55,1,0,,266,2142,0,0,0,0,60
2024-01-04,Delta,N901XX,3698,SFO,CityName,State,ORD,CityName,State,0,0,0,0,0,,78,2286,0,0,0,0,0
2024-01-07,Delta,N124XX,7351,MIA,CityName,State,DFW,CityName,State,0,0,0,0,0,,299,1477,0,0,0,0,0
2024-01-07,American,N846XX,4693,JFK,CityName,State,JFK,CityName,State,120,1,115,1,0,,146,2174,120,0,0,0,0
2024-01-11,Southwest,N982XX,8235,ORD,CityName,State,LAX,CityName,State,0,0,0,0,0,,163,1379,0,0,0,0,0
2024-01-19,American,N696XX,6210,ORD,CityName,State,MIA,CityName,State,0,0,0,0,0,,176,1325,0,0,0,0,0
2024-01-18,American,N593XX,5956,DFW,CityName,State,DFW,CityName,State,0,0,0,0,0,,149,1471,0,0,0,0,0
2024-01-21,American,N129XX,261,SFO,CityName,State,ORD,CityName,State,60,1,55,1,0,,191,1443,60,0,0,0,0
2024-01-13,JetBlue,N538XX,2913,ORD,CityName,State,ATL,CityName,State,0,0,0,0,0,,165,946,0,0,0,0,0
2024-01-04,JetBlue,N625XX,2037,JFK,CityName,State,MIA,CityName,State,120,1,115,1,0,,286,2017,120,0,0,0,0
2024-01-25,JetBlue,N505XX,7545,JFK,CityName,State,JFK,CityName,State,0,0,0,0,0,,136,643,0,0,0,0,0
2024-01-08,American,N878XX,3332,ATL,CityName,State,ATL,CityName,State,0,0,0,0,0,,231,913,0,0,0,0,0
2024-01-23,American,N827XX,5385,ATL,CityName,State,DFW,CityName,State,0,0,0,0,0,,63,2488,0,0,0,0,0
2024-01-07,JetBlue,N532XX,8082,DFW,CityName,State,ORD,CityName,State,0,0,0,0,0,,166,1266,0,0,0,0,0
2024-01-08,Delta,N278XX,5878,SFO,CityName,State,SFO,CityName,State,0,0,0,0,0,,221,1671,0,0,0,0,0
2024-01-13,JetBlue,N925XX,6870,ORD,CityName,State,ORD,CityName,State,0,0,0,0,1,A,251,921,0,0,0,0,0
2024-01-17,Delta,N698XX,2420,ORD,CityName,State,DFW,CityName,State,0,0,0,0,0,,230,1415,0,0,0,0,0
2024-01-16,United,N973XX,6911,MIA,CityName,State,ORD,CityName,State,0,0,0,0,0,,282,1736,0,0,0,0,0
2024-01-17,Southwest,N826XX,4394,ORD,CityName,State,DFW,CityName,State,0,0,0,0,0,,128,2077,0,0,0,0,0
2024-01-27,Delta,N982XX,5105,DFW,CityName,State,DFW,CityName,State,0,0,0,0,0,,115,2252,0,0,0,0,0
2024-01-30,Delta,N499XX,4731,ATL,CityName,State,JFK,CityName,State,0,0,0,0,0,,260,1824,0,0,0,0,0
2024-01-12,JetBlue,N650XX,1477,SFO,CityName,State,ATL,CityName,State,60,1,55,1,0,,213,2312,60,0,0,0,0
2024-01-26,American,N496XX,7049,SFO,CityName,State,SFO,CityName,State,0,0,0,0,0,,141,565,0,0,0,0,0
2024-01-16,Delta,N294XX,8075,LAX,CityName,State,SFO,CityName,State,30,1,25,1,0,,204,486,0,0,0,0,30
2024-01-27,Southwest,N547XX,1930,MIA,CityName,State,LAX,CityName,State,0,0,0,0,0,,200,2068,0,0,0,0,0
2024-01-08,American,N101XX,479,ATL,CityName,State,LAX,CityName,State,0,0,0,0,0,,69,1591,0,0,0,0,0
2024-01-15,United,N391XX,5717,ORD,CityName,State,LAX,CityName,State,0,0,0,0,0,,284,1476,0,0,0,0,0
2024-01-17,JetBlue,N963XX,6488,SFO,CityName,State,ORD,CityName,State,0,0,0,0,0,,113,2126,0,0,0,0,0
2024-01-14,JetBlue,N409XX,1587,DFW,CityName,State,ORD,CityName,State,0,0,0,0,0,,130,365,0,0,0,0,0
2024-01-04,American,N490XX,2455,JFK,CityName,State,JFK,CityName,State,0,0,0,0,0,,86,1966,0,0,0,0,0
2024-01-14,Delta,N815XX,1945,JFK,CityName,State,ATL,CityName,State,0,0,0,0,0,,176,2131,0,0,0,0,0
2024-01-30,Delta,N888XX,4933,JFK,CityName,State,SFO,CityName,State,0,0,0,0,0,,293,1803,0,0,0,0,0
2024-01-12,Southwest,N586XX,7594,ORD,CityName,State,SFO,CityName,State,0,0,0,0,0,,253,1646,0,0,0,0,0
2024-01-03,Delta,N875XX,3881,JFK,CityName,State,LAX,CityName,State,0,0,0,0,0,,266,437,0,0,0,0,0
2024-01-10,Southwest,N471XX,2398,SFO,CityName,State,JFK,CityName,State,0,0,0,0,0,,269,435,0,0,0,0,0
2024-01-13,Southwest,N479XX,5667,JFK,CityName,State,MIA,CityName,State,0,0,0,0,0,,216,1034,0,0,0,0,0
2024-01-29,United,N344XX,8574,MIA,CityName,State,SFO,CityName,State,15,1,10,1,0,,161,1032,0,15,0,0,0
2024-01-11,Southwest,N960XX,2831,ATL,CityName,State,LAX,CityName,State,0,0,0,0,0,,283,1521,0,0,0,0,0
2024-01-28,Southwest,N105XX,4001,ATL,CityName,State,LAX,CityName,State,0,0,0,0,0,,135,1433,0,0,0,0,0
2024-01-10,Southwest,N553XX,180,JFK,CityName,State,LAX,CityName,State,0,0,0,0,0,,173,2413,0,0,0,0,0
2024-01-30,United,N675XX,198,JFK,CityName,State,MIA,CityName,State,0,0,0,0,0,,204,679,0,0,0,0,0
2024-01-20,Delta,N161XX,579,MIA,CityName,State,ORD,CityName,State,15,1,10,1,0,,192,1670,0,0,0,0,15
2024-01-16,American,N202XX,7842,ATL,CityName,State,SFO,CityName,State,0,0,0,0,0,,88,1142,0,0,0,0,0
2024-01-07,American,N963XX,179,LAX,CityName,State,JFK,CityName,State,0,0,0,0,0,,239,1188,0,0,0,0,0
2024-01-01,Southwest,N770XX,9670,MIA,CityName,State,JFK,CityName,State,0,0,0,0,0,,299,1358,0,0,0,0,0
2024-01-09,JetBlue,N977XX,5550,ATL,CityName,State,MIA,CityName,State,0,0,0,0,0,,197,1755,0,0,0,0,0
2024-01-21,Southwest,N593XX,3893,DFW,CityName,State,ORD,CityName,State,0,0,0,0,0,,187,1906,0,0,0,0,0
2024-01-27,Southwest,N739XX,3872,JFK,CityName,State,DFW,CityName,State,0,0,0,0,0,,80,1470,0,0,0,0,0
2024-01-18,Delta,N193XX,3990,DFW,CityName,State,DFW,CityName,State,0,0,0,0,0,,255,428,0,0,0,0,0
2024-01-26,United,N914XX,1892,ATL,CityName,State,SFO,CityName,State,0,0,0,0,0,,210,1636,0,0,0,0,0
2024-01-20,Southwest,N471XX,5244,DFW,CityName,State,ATL,CityName,State,0,0,0,0,0,,151,2058,0,0,0,0,0
2024-01-12,Southwest,N185XX,9497,ORD,CityName,State,ORD,CityName,State,30,1,25,1,0,,196,1403,30,0,0,0,0
2024-01-30,JetBlue,N598XX,1207,DFW,CityName,State,LAX,CityName,State,0,0,0,0,0,,213,704,0,0,0,0,0
2024-01-04,Delta,N458XX,2868,DFW,CityName,State,ORD,CityName,State,0,0,0,0,0,,200,1858,0,0,0,0,0
2024-01-18,Delta,N505XX,5492,DFW,CityName,State,JFK,CityName,State,0,0,0,0,0,,244,2207,0,0,0,0,0
2024-01-30,United,N922XX,1851,JFK,CityName,State,ATL,CityName,State,0,0,0,0,0,,71,2452,0,0,0,0,0
2024-01-28,JetBlue,N371XX,6793,DFW,CityName,State,LAX,CityName,State,30,1,25,1,1,A,104,751,0,0,0,0,30
2024-01-16,JetBlue,N157XX,4557,LAX,CityName,State,DFW,CityName,State,0,0,0,0,0,,218,2086,0,0,0,0,0
2024-01-10,American,N254XX,7611,LAX,CityName,State,DFW,CityName,State,0,0,0,0,0,,160,635,0,0,0,0,0
2024-01-21,JetBlue,N383XX,9966,ATL,CityName,State,MIA,CityName,State,30,1,25,1,0,,274,1339,0,0,0,0,30
2024-01-11,Southwest,N128XX,6447,SFO,CityName,State,ATL,CityName,State,0,0,0,0,0,,75,345,0,0,0,0,0
2024-01-15,United,N630XX,7341,ATL,CityName,State,JFK,CityName,State,0,0,0,0,0,,115,771,0,0,0,0,0
2024-01-11,United,N802XX,4829,SFO,CityName,State,JFK,CityName,State,0,0,0,0,0,,73,2473,0,0,0,0,0
2024-01-22,United,N850XX,9564,LAX,CityName,State,ORD,CityName,State,0,0,0,0,0,,215,1944,0,0,0,0,0
2024-01-04,United,N446XX,7490,DFW,CityName,State,DFW,CityName,State,15,1,10,1,0,,272,2370,15,0,0,0,0
2024-01-20,United,N829XX,1556,LAX,CityName,State,ATL,CityName,State,0,0,0,0,0,,285,709,0,0,0,0,0
2024-01-02,Southwest,N119XX,4386,ATL,CityName,State,ATL,CityName,State,0,0,0,0,0,,270,933,0,0,0,0,0
2024-01-27,American,N458XX,2814,JFK,CityName,State,SFO,CityName,State,0,0,0,0,0,,255,2494,0,0,0,0,0
2024-01-14,United,N429XX,2326,SFO,CityName,State,JFK,CityName,State,0,0,0,0,0,,292,2248,0,0,0,0,0
2024-01-16,United,N154XX,4003,SFO,CityName,State,LAX,CityName,State,30,1,25,1,0,,194,215,0,0,30,0,0
2024-01-19,United,N562XX,4695,ORD,CityName,State,ATL,CityName,State,15,1,10,1,0,,93,330,0,0,0,0,15
2024-01-21,Southwest,N334XX,8498,LAX,CityName,State,SFO,CityName,State,60,1,55,1,0,,191,1189,0,0,0,0,60
2024-01-10,JetBlue,N878XX,1580,LAX,CityName,State,DFW,CityName,State,0,0,0,0,0,,87,1362,0,0,0,0,0
2024-01-04,American,N619XX,8659,DFW,CityName,State,DFW,CityName,State,30,1,25,1,0,,232,299,0,30,0,0,0
2024-01-06,United,N934XX,4792,ATL,CityName,State,MIA,CityName,State,0,0,0,0,0,,146,650,0,0,0,0,0
2024-01-07,American,N746XX,6199,DFW,CityName,State,LAX,CityName,State,0,0,0,0,0,,271,2388,0,0,0,0,0
2024-01-07,American,N530XX,8695,ORD,CityName,State,DFW,CityName,State,0,0,0,0,0,,159,649,0,0,0,0,0
2024-01-14,JetBlue,N697XX,1601,MIA,CityName,State,MIA,CityName,State,0,0,0,0,0,,147,794,0,0,0,0,0
2024-01-26,United,N981XX,410,LAX,CityName,State,LAX,CityName,State,15,1,10,1,0,,251,1164,15,0,0,0,0
2024-01-30,United,N323XX,1960,ATL,CityName,State,SFO,CityName,State,0,0,0,0,0,,75,617,0,0,0,0,0
2024-01-09,United,N847XX,9123,ATL,CityName,State,JFK,CityName,State,0,0,0,0,0,,124,1248,0,0,0,0,0
2024-01-08,American,N942XX,410,DFW,CityName,State,ORD,CityName,State,0,0,0,0,0,,178,666,0,0,0,0,0
2024-01-16,Southwest,N627XX,6820,ORD,CityName,State,ORD,CityName,State,15,1,10,1,0,,102,539,0,0,0,0,15
2024-01-03,Southwest,N974XX,7085,MIA,CityName,State,MIA,CityName,State,0,0,0,0,0,,173,1649,0,0,0,0,0
2024-01-21,Delta,N759XX,2095,ORD,CityName,State,LAX,CityName,State,0,0,0,0,0,,168,352,0,0,0,0,0
2024-01-11,Southwest,N696XX,1649,SFO,CityName,State,MIA,CityName,State,0,0,0,0,0,,252,457,0,0,0,0,0
2024-01-10,JetBlue,N489XX,8237,JFK,CityName,State,MIA,CityName,State,0,0,0,0,0,,142,1581,0,0,0,0,0
2024-01-12,United,N475XX,8627,SFO,CityName,State,LAX,CityName,State,0,0,0,0,0,,100,1759,0,0,0,0,0
2024-01-09,Southwest,N359XX,8987,MIA,CityName,State,SFO,CityName,State,0,0,0,0,0,,151,1364,0,0,0,0,0
2024-01-19,Southwest,N129XX,3523,ATL,CityName,State,SFO,CityName,State,0,0,0,0,0,,290,726,0,0,0,0,0
2024-01-04,Delta,N354XX,2581,DFW,CityName,State,MIA,CityName,State,0,0,0,0,0,,83,1297,0,0,0,0,0
2024-01-08,American,N697XX,3563,JFK,CityName,State,MIA,CityName,State,0,0,0,0,0,,138,1583,0,0,0,0,0
2024-01-03,Delta,N171XX,9658,ORD,CityName,State,DFW,CityName,State,0,0,0,0,0,,278,1033,0,0,0,0,0
2024-01-17,Southwest,N957XX,6263,MIA,CityName,State,MIA,CityName,State,30,1,25,1,0,,146,318,0,0,0,0,30
2024-01-16,American,N941XX,373,DFW,CityName,State,ATL,CityName,State,0,0,0,0,0,,179,1489,0,0,0,0,0
2024-01-16,Southwest,N561XX,2022,MIA,CityName,State,MIA,CityName,State,0,0,0,0,0,,273,578,0,0,0,0,0
2024-01-15,American,N754XX,7959,JFK,CityName,State,JFK,CityName,State,0,0,0,0,0,,95,906,0,0,0,0,0
2024-01-14,United,N206XX,6052,MIA,CityName,State,SFO,CityName,State,0,0,0,0,0,,68,2342,0,0,0,0,0
2024-01-05,American,N317XX,4420,JFK,CityName,State,LAX,CityName,State,0,0,0,0,0,,84,1508,0,0,0,0,0
2024-01-16,United,N580XX,4191,SFO,CityName,State,SFO,CityName,State,0,0,0,0,0,,184,2360,0,0,0,0,0
2024-01-01,Delta,N184XX,1422,JFK,CityName,State,LAX,CityName,State,0,0,0,0,0,,234,1405,0,0,0,0,0
2024-01-21,Southwest,N745XX,6788,ORD,CityName,State,ORD,CityName,State,30,1,25,1,0,,227,460,0,0,0,0,30
2024-01-19,Delta,N672XX,2984,SFO,CityName,State,JFK,CityName,State,0,0,0,0,0,,228,551,0,0,0,0,0
2024-01-19,United,N790XX,3540,MIA,CityName,State,MIA,CityName,State,0,0,0,0,0,,274,605,0,0,0,0,0
2024-01-06,Southwest,N336XX,1042,LAX,CityName,State,JFK,CityName,State,0,0,0,0,0,,164,1787,0,0,0,0,0
2024-01-19,American,N247XX,4117,ATL,CityName,State,JFK,CityName,State,30,1,25,1,0,,193,1894,30,0,0,0,0
2024-01-02,American,N108XX,5297,JFK,CityName,State,MIA,CityName,State,0,0,0,0,0,,91,2310,0,0,0,0,0
2024-01-17,United,N930XX,8419,LAX,CityName,State,ATL,CityName,State,0,0,0,0,0,,167,1432,0,0,0,0,0
2024-01-02,JetBlue,N476XX,2651,ATL,CityName,State,ORD,CityName,State,15,1,10,1,0,,122,2461,0,0,0,0,15
2024-01-20,American,N563XX,1353,LAX,CityName,State,ORD,CityName,State,0,0,0,0,0,,122,1336,0,0,0,0,0
2024-01-26,Delta,N360XX,6896,ATL,CityName,State,ORD,CityName,State,0,0,0,0,0,,157,1133,0,0,0,0,0
2024-01-02,Southwest,N614XX,4776,SFO,CityName,State,MIA,CityName,State,0,0,0,0,0,,270,527,0,0,0,0,0
2024-01-18,Delta,N242XX,1759,MIA,CityName,State,JFK,CityName,State,0,0,0,0,0,,203,1471,0,0,0,0,0
2024-01-03,JetBlue,N103XX,2493,ORD,CityName,State,LAX,CityName,State,15,1,10,1,0,,134,543,0,0,0,0,15
2024-01-02,Southwest,N564XX,5906,MIA,CityName,State,SFO,CityName,State,0,0,0,0,0,,261,1179,0,0,0,0,0
2024-01-03,United,N994XX,8186,LAX,CityName,State,JFK,CityName,State,0,0,0,0,0,,164,1642,0,0,0,0,0
2024-01-09,JetBlue,N161XX,1996,ATL,CityName,State,ORD,CityName,State,0,0,0,0,0,,192,1067,0,0,0,0,0
2024-01-02,United,N431XX,2420,DFW,CityName,State,ATL,CityName,State,0,0,0,0,0,,67,982,0,0,0,0,0
2024-01-08,Delta,N439XX,7345,JFK,CityName,State,JFK,CityName,State,0,0,0,0,1,A,134,1126,0,0,0,0,0
2024-01-28,JetBlue,N631XX,8137,ORD,CityName,State,ORD,CityName,State,0,0,0,0,0,,144,1424,0,0,0,0,0
2024-01-01,American,N292XX,3498,LAX,CityName,State,ORD,CityName,State,0,0,0,0,0,,194,356,0,0,0,0,0
2024-01-17,United,N796XX,1142,ATL,CityName,State,JFK,CityName,State,0,0,0,0,0,,177,1825,0,0,0,0,0
2024-01-21,American,N356XX,9445,LAX,CityName,State,ATL,CityName,State,0,0,0,0,0,,220,1171,0,0,0,0,0
2024-01-13,American,N340XX,4152,LAX,CityName,State,ATL,CityName,State,0,0,0,0,0,,285,1469,0,0,0,0,0
2024-01-13,Delta,N964XX,2310,SFO,CityName,State,SFO,CityName,State,0,0,0,0,0,,202,2283,0,0,0,0,0
2024-01-27,Delta,N922XX,7569,MIA,CityName,State,JFK,CityName,State,0,0,0,0,0,,127,2062,0,0,0,0,0
2024-01-11,JetBlue,N427XX,148,DFW,CityName,State,LAX,CityName,State,60,1,55,1,0,,231,582,0,0,60,0,0
2024-01-06,American,N743XX,4753,SFO,CityName,State,MIA,CityName,State,0,0,0,0,0,,140,497,0,0,0,0,0
2024-01-28,Delta,N752XX,135,LAX,CityName,State,ATL,CityName,State,0,0,0,0,0,,289,2040,0,0,0,0,0
2024-01-19,Delta,N426XX,8805,MIA,CityName,State,DFW,CityName,State,0,0,0,0,0,,170,1676,0,0,0,0,0
2024-01-22,Southwest,N747XX,9486,ORD,CityName,State,JFK,CityName,State,0,0,0,0,0,,157,306,0,0,0,0,0
2024-01-26,Delta,N888XX,6683,ORD,CityName,State,ORD,CityName,State,0,0,0,0,0,,272,2052,0,0,0,0,0
2024-01-29,Delta,N232XX,9217,ORD,CityName,State,DFW,CityName,State,0,0,0,0,0,,222,845,0,0,0,0,0
2024-01-08,Southwest,N250XX,9388,ATL,CityName,State,JFK,CityName,State,0,0,0,0,0,,107,1163,0,0,0,0,0
2024-01-03,American,N821XX,6296,SFO,CityName,State,ORD,CityName,State,0,0,0,0,0,,133,1604,0,0,0,0,0
2024-01-13,American,N953XX,8857,ATL,CityName,State,JFK,CityName,State,0,0,0,0,0,,287,2380,0,0,0,0,0
2024-01-30,Delta,N372XX,6829,LAX,CityName,State,SFO,CityName,State,0,0,0,0,0,,114,1692,0,0,0,0,0
2024-01-16,Southwest,N376XX,2630,ATL,CityName,State,JFK,CityName,State,0,0,0,0,0,,292,367,0,0,0,0,0
2024-01-18,JetBlue,N638XX,9910,DFW,CityName,State,LAX,CityName,State,15,1,10,1,0,,289,2189,15,0,0,0,0
2024-01-16,American,N807XX,953,MIA,CityName,State,MIA,CityName,State,0,0,0,0,0,,86,2227,0,0,0,0,0
2024-01-07,United,N443XX,7902,MIA,CityName,State,ORD,CityName,State,0,0,0,0,0,,73,1724,0,0,0,0,0
2024-01-18,American,N846XX,1193,SFO,CityName,State,JFK,CityName,State,0,0,0,0,0,,249,1336,0,0,0,0,0
2024-01-05,United,N127XX,8900,JFK,CityName,State,LAX,CityName,State,0,0,0,0,0,,162,1795,0,0,0,0,0
2024-01-23,American,N978XX,4553,MIA,CityName,State,DFW,CityName,State,0,0,0,0,0,,251,930,0,0,0,0,0
2024-01-10,Delta,N511XX,6583,MIA,CityName,State,ATL,CityName,State,0,0,0,0,0,,220,1015,0,0,0,0,0
2024-01-17,American,N961XX,4589,MIA,CityName,State,DFW,CityName,State,0,0,0,0,0,,189,1816,0,0,0,0,0
2024-01-29,American,N293XX,4936,JFK,CityName,State,LAX,CityName,State,15,1,10,1,0,,297,1010,15,0,0,0,0
2024-01-08,American,N995XX,7700,DFW,CityName,State,LAX,CityName,State,0,0,0,0,0,,144,634,0,0,0,0,0
2024-01-14,Southwest,N899XX,322,JFK,CityName,State,DFW,CityName,State,0,0,0,0,0,,167,1565,0,0,0,0,0
2024-01-19,JetBlue,N441XX,811,ORD,CityName,State,ORD,CityName,State,0,0,0,0,0,,95,1071,0,0,0,0,0
2024-01-13,JetBlue,N767XX,8149,MIA,CityName,State,JFK,CityName,State,0,0,0,0,0,,90,1305,0,0,0,0,0
2024-01-13,JetBlue,N412XX,9099,LAX,CityName,State,ATL,CityName,State,0,0,0,0,0,,226,276,0,0,0,0,0
2024-01-16,American,N675XX,3509,ORD,CityName,State,ATL,CityName,State,15,1,10,1,0,,219,1181,15,0,0,0,0
2024-01-13,Southwest,N125XX,4312,DFW,CityName,State,DFW,CityName,State,0,0,0,0,0,,252,659,0,0,0,0,0
2024-01-27,Southwest,N229XX,4349,SFO,CityName,State,LAX,CityName,State,0,0,0,0,1,A,97,1387,0,0,0,0,0
2024-01-20,Delta,N767XX,2542,JFK,CityName,State,MIA,CityName,State,15,1,10,1,0,,61,2366,0,0,15,0,0
2024-01-06,Delta,N950XX,5916,ORD,CityName,State,DFW,CityName,State,0,0,0,0,0,,141,717,0,0,0,0,0
2024-01-26,American,N194XX,3387,ATL,CityName,State,ORD,CityName,State,0,0,0,0,0,,138,1850,0,0,0,0,0
2024-01-16,JetBlue,N212XX,6732,DFW,CityName,State,ORD,CityName,State,0,0,0,0,0,,273,1075,0,0,0,0,0
2024-01-13,American,N460XX,4478,LAX,CityName,State,ORD,CityName,State,0,0,0,0,0,,238,950,0,0,0,0,0
2024-01-21,Southwest,N443XX,9971,JFK,CityName,State,SFO,CityName,State,60,1,55,1,0,,237,777,60,0,0,0,0
2024-01-24,United,N709XX,2867,JFK,CityName,State,ORD,CityName,State,0,0,0,0,0,,161,1231,0,0,0,0,0
2024-01-04,Southwest,N760XX,3349,MIA,CityName,State,LAX,CityName,State,0,0,0,0,0,,209,1173,0,0,0,0,0
2024-01-26,Delta,N545XX,6454,ATL,CityName,State,DFW,CityName,State,0,0,0,0,0,,144,1640,0,0,0,0,0
2024-01-14,Delta,N694XX,8601,DFW,CityName,State,MIA,CityName,State,15,1,10,1,0,,64,1785,15,0,0,0,0
2024-01-01,United,N902XX,7530,SFO,CityName,State,ORD,CityName,State,30,1,25,1,0,,81,2167,0,0,0,0,30
2024-01-24,American,N123XX,6983,LAX,CityName,State,DFW,CityName,State,0,0,0,0,0,,67,730,0,0,0,0,0
2024-01-14,American,N928XX,4357,ATL,CityName,State,ORD,CityName,State,0,0,0,0,0,,137,940,0,0,0,0,0
2024-01-07,Southwest,N567XX,7708,ORD,CityName,State,DFW,CityName,State,0,0,0,0,0,,184,759,0,0,0,0,0
2024-01-30,United,N229XX,9336,ORD,CityName,State,SFO,CityName,State,0,0,0,0,0,,157,1658,0,0,0,0,0
2024-01-04,Southwest,N511XX,7706,JFK,CityName,State,MIA,CityName,State,60,1,55,1,0,,153,2102,0,60,0,0,0
2024-01-10,American,N444XX,613,DFW,CityName,State,JFK,CityName,State,0,0,0,0,0,,179,1183,0,0,0,0,0
2024-01-12,United,N389XX,245,JFK,CityName,State,JFK,CityName,State,0,0,0,0,0,,220,807,0,0,0,0,0
2024-01-27,Southwest,N519XX,3307,ORD,CityName,State,MIA,CityName,State,15,1,10,1,0,,159,2242,0,0,0,0,15
2024-01-30,United,N688XX,5477,JFK,CityName,State,LAX,CityName,State,15,1,10,1,0,,249,208,15,0,0,0,0
2024-01-30,JetBlue,N965XX,1694,ORD,CityName,State,ORD,CityName,State,0,0,0,0,0,,244,2176,0,0,0,0,0
2024-01-11,JetBlue,N293XX,1789,MIA,CityName,State,DFW,CityName,State,120,1,115,1,0,,105,592,120,0,0,0,0
2024-01-02,American,N675XX,4162,DFW,CityName,State,ATL,CityName,State,15,1,10,1,0,,168,1976,0,0,0,0,15
2024-01-02,JetBlue,N895XX,7895,DFW,CityName,State,JFK,CityName,State,0,0,0,0,0,,208,2092,0,0,0,0,0
2024-01-06,Delta,N415XX,8087,ATL,CityName,State,LAX,CityName,State,0,0,0,0,0,,162,1267,0,0,0,0,0
2024-01-07,Southwest,N512XX,6074,MIA,CityName,State,MIA,CityName,State,0,0,0,0,0,,149,1899,0,0,0,0,0
2024-01-01,JetBlue,N532XX,4025,DFW,CityName,State,SFO,CityName,State,30,1,25,1,0,,216,510,30,0,0,0,0
2024-01-08,United,N803XX,5566,LAX,CityName,State,MIA,CityName,State,15,1,10,1,0,,226,1933,0,0,0,0,15
2024-01-08,United,N254XX,3968,MIA,CityName,State,JFK,CityName,State,0,0,0,0,0,,142,663,0,0,0,0,0
2024-01-03,JetBlue,N574XX,3854,MIA,CityName,State,ORD,CityName,State,0,0,0,0,0,,198,2473,0,0,0,0,0
2024-01-23,American,N571XX,2968,MIA,CityName,State,SFO,CityName,State,15,1,10,1,0,,234,2107,15,0,0,0,0
2024-01-27,Delta,N655XX,7938,JFK,CityName,State,DFW,CityName,State,30,1,25,1,0,,234,321,30,0,0,0,0
2024-01-11,Southwest,N311XX,3038,DFW,CityName,State,SFO,CityName,State,15,1,10,1,0,,129,430,0,0,0,0,15
2024-01-24,Delta,N752XX,9717,ATL,CityName,State,DFW,CityName,State,0,0,0,0,0,,173,603,0,0,0,0,0
2024-01-25,Delta,N779XX,2490,MIA,CityName,State,ATL,CityName,State,0,0,0,0,0,,109,325,0,0,0,0,0
2024-01-08,JetBlue,N954XX,7279,SFO,CityName,State,SFO,CityName,State,0,0,0,0,0,,247,2466,0,0,0,0,0
2024-01-05,Southwest,N729XX,9409,LAX,CityName,State,SFO,CityName,State,60,1,55,1,0,,168,2428,60,0,0,0,0
2024-01-08,JetBlue,N594XX,8867,ORD,CityName,State,DFW,CityName,State,0,0,0,0,0,,131,905,0,0,0,0,0
2024-01-20,Delta,N965XX,3935,SFO,CityName,State,LAX,CityName,State,0,0,0,0,0,,72,322,0,0,0,0,0
2024-01-18,United,N731XX,6161,MIA,CityName,State,SFO,CityName,State,0,0,0,0,0,,173,2150,0,0,0,0,0
2024-01-08,Southwest,N583XX,9208,JFK,CityName,State,LAX,CityName,State,0,0,0,0,0,,200,587,0,0,0,0,0
2024-01-06,Delta,N482XX,8775,DFW,CityName,State,ATL,CityName,State,0,0,0,0,0,,223,1005,0,0,0,0,0
2024-01-03,JetBlue,N807XX,3719,JFK,CityName,State,DFW,CityName,State,0,0,0,0,0,,157,2068,0,0,0,0,0
2024-01-09,Southwest,N158XX,2633,SFO,CityName,State,ATL,CityName,State,0,0,0,0,0,,167,332,0,0,0,0,0
2024-01-04,United,N538XX,3962,SFO,CityName,State,DFW,CityName,State,0,0,0,0,0,,202,2162,0,0,0,0,0
2024-01-21,American,N427XX,8644,ORD,CityName,State,LAX,CityName,State,30,1,25,1,0,,295,585,0,0,30,0,0
2024-01-27,United,N899XX,9559,MIA,CityName,State,ATL,CityName,State,0,0,0,0,0,,127,1841,0,0,0,0,0
2024-01-25,Delta,N637XX,1376,LAX,CityName,State,JFK,CityName,State,0,0,0,0,0,,207,746,0,0,0,0,0
2024-01-29,United,N548XX,8373,MIA,CityName,State,ATL,CityName,State,0,0,0,0,0,,245,1498,0,0,0,0,0
2024-01-28,American,N510XX,2891,ORD,CityName,State,LAX,CityName,State,15,1,10,1,0,,277,1403,0,0,15,0,0
2024-01-08,United,N776XX,7885,SFO,CityName,State,DFW,CityName,State,0,0,0,0,0,,80,458,0,0,0,0,0
2024-01-27,JetBlue,N703XX,5930,MIA,CityName,State,SFO,CityName,State,15,1,10,1,0,,267,1017,15,0,0,0,0
2024-01-07,Delta,N156XX,1566,SFO,CityName,State,MIA,CityName,State,0,0,0,0,0,,149,751,0,0,0,0,0
2024-01-01,JetBlue,N627XX,1018,ATL,CityName,State,MIA,CityName,State,0,0,0,0,0,,78,2283,0,0,0,0,0
2024-01-04,American,N863XX,1471,SFO,CityName,State,ORD,CityName,State,0,0,0,0,0,,67,1349,0,0,0,0,0
2024-01-27,United,N245XX,3411,SFO,CityName,State,JFK,CityName,State,0,0,0,0,0,,75,2440,0,0,0,0,0
2024-01-04,United,N733XX,5177,JFK,CityName,State,JFK,CityName,State,30,1,25,1,0,,177,2126,30,0,0,0,0
2024-01-08,Delta,N713XX,6650,LAX,CityName,State,ATL,CityName,State,0,0,0,0,0,,254,2047,0,0,0,0,0
2024-01-11,Delta,N965XX,226,SFO,CityName,State,JFK,CityName,State,0,0,0,0,0,,176,2083,0,0,0,0,0
2024-01-29,United,N340XX,7416,SFO,CityName,State,ATL,CityName,State,0,0,0,0,0,,87,2088,0,0,0,0,0
2024-01-23,Delta,N326XX,6766,LAX,CityName,State,ORD,CityName,State,0,0,0,0,0,,104,687,0,0,0,0,0
2024-01-29,Southwest,N968XX,9700,LAX,CityName,State,ATL,CityName,State,0,0,0,0,0,,85,823,0,0,0,0,0
2024-01-19,Southwest,N708XX,6913,JFK,CityName,State,MIA,CityName,State,0,0,0,0,0,,272,408,0,0,0,0,0
2024-01-26,American,N310XX,3351,ORD,CityName,State,MIA,CityName,State,120,1,115,1,0,,184,1973,120,0,0,0,0
2024-01-20,American,N333XX,2776,SFO,CityName,State,SFO,CityName,State,0,0,0,0,0,,198,2287,0,0,0,0,0
2024-01-20,JetBlue,N637XX,4912,JFK,CityName,State,ATL,CityName,State,30,1,25,1,0,,154,2322,0,30,0,0,0
2024-01-08,Delta,N420XX,9523,ORD,CityName,State,DFW,CityName,State,15,1,10,1,0,,76,1476,15,0,0,0,0
2024-01-23,JetBlue,N196XX,1904,SFO,CityName,State,JFK,CityName,State,0,0,0,0,0,,231,1434,0,0,0,0,0
2024-01-27,Delta,N432XX,8199,LAX,CityName,State,LAX,CityName,State,0,0,0,0,0,,192,246,0,0,0,0,0
2024-01-11,United,N673XX,8626,MIA,CityName,State,ORD,CityName,State,0,0,0,0,0,,191,1573,0,0,0,0,0
2024-01-16,United,N734XX,1124,MIA,CityName,State,MIA,CityName,State,0,0,0,0,0,,241,2129,0,0,0,0,0
2024-01-07,JetBlue,N318XX,852,ORD,CityName,State,ORD,CityName,State,15,1,10,1,0,,223,2355,0,0,0,0,15
2024-01-29,Delta,N139XX,7004,SFO,CityName,State,ORD,CityName,State,120,1,115,1,0,,277,1601,120,0,0,0,0
2024-01-13,United,N714XX,2847,ORD,CityName,State,JFK,CityName,State,0,0,0,0,0,,271,1672,0,0,0,0,0
2024-01-23,United,N566XX,6644,JFK,CityName,State,DFW,CityName,State,0,0,0,0,0,,185,1658,0,0,0,0,0
2024-01-12,Delta,N906XX,4738,MIA,CityName,State,JFK,CityName,State,0,0,0,0,0,,291,2349,0,0,0,0,0
2024-01-24,Southwest,N489XX,2127,ORD,CityName,State,MIA,CityName,State,15,1,10,1,0,,137,2145,0,0,0,0,15
2024-01-16,Southwest,N474XX,4919,LAX,CityName,State,MIA,CityName,State,0,0,0,0,0,,289,1952,0,0,0,0,0
2024-01-08,American,N661XX,3065,DFW,CityName,State,LAX,CityName,State,15,1,10,1,0,,142,2211,0,0,0,0,15
2024-01-27,United,N591XX,7135,DFW,CityName,State,LAX,CityName,State,0,0,0,0,0,,287,1412,0,0,0,0,0
2024-01-07,JetBlue,N215XX,1974,LAX,CityName,State,MIA,CityName,State,0,0,0,0,0,,138,1811,0,0,0,0,0
2024-01-19,Delta,N276XX,7214,SFO,CityName,State,JFK,CityName,State,0,0,0,0,0,,232,2289,0,0,0,0,0
2024-01-08,Southwest,N686XX,560,JFK,CityName,State,DFW,CityName,State,0,0,0,0,0,,240,1218,0,0,0,0,0
2024-01-27,Southwest,N295XX,4295,MIA,CityName,State,JFK,CityName,State,0,0,0,0,0,,160,999,0,0,0,0,0
2024-01-10,United,N188XX,5228,ATL,CityName,State,DFW,CityName,State,0,0,0,0,0,,108,1114,0,0,0,0,0
2024-01-05,Delta,N360XX,5405,LAX,CityName,State,LAX,CityName,State,15,1,10,1,0,,194,589,0,0,0,0,15
2024-01-18,Southwest,N120XX,1438,ORD,CityName,State,ATL,CityName,State,60,1,55,1,0,,164,2335,0,0,0,0,60
2024-01-22,American,N587XX,1063,SFO,CityName,State,LAX,CityName,State,0,0,0,0,0,,148,2016,0,0,0,0,0
2024-01-20,American,N829XX,1748,MIA,CityName,State,ATL,CityName,State,0,0,0,0,0,,297,1392,0,0,0,0,0
2024-01-14,American,N969XX,3231,JFK,CityName,State,ORD,CityName,State,0,0,0,0,0,,72,2385,0,0,0,0,0
2024-01-25,Southwest,N939XX,6032,JFK,CityName,State,JFK,CityName,State,0,0,0,0,0,,173,2091,0,0,0,0,0
2024-01-10,Delta,N439XX,3908,DFW,CityName,State,DFW,CityName,State,0,0,0,0,0,,71,2304,0,0,0,0,0
2024-01-24,JetBlue,N501XX,9066,SFO,CityName,State,SFO,CityName,State,0,0,0,0,0,,259,1551,0,0,0,0,0
2024-01-12,United,N747XX,7299,SFO,CityName,State,SFO,CityName,State,0,0,0,0,0,,102,455,0,0,0,0,0
2024-01-06,United,N219XX,8663,JFK,CityName,State,ATL,CityName,State,0,0,0,0,0,,199,245,0,0,0,0,0
2024-01-25,JetBlue,N382XX,957,SFO,CityName,State,MIA,CityName,State,0,0,0,0,0,,270,1198,0,0,0,0,0
2024-01-24,JetBlue,N751XX,7707,SFO,CityName,State,ATL,CityName,State,0,0,0,0,0,,280,915,0,0,0,0,0
2024-01-15,Delta,N489XX,3182,JFK,CityName,State,JFK,CityName,State,0,0,0,0,0,,88,2049,0,0,0,0,0
2024-01-20,Delta,N309XX,4923,ORD,CityName,State,ATL,CityName,State,0,0,0,0,0,,225,914,0,0,0,0,0
2024-01-10,JetBlue,N721XX,7248,JFK,CityName,State,LAX,CityName,State,0,0,0,0,0,,187,355,0,0,0,0,0
2024-01-01,Southwest,N626XX,5662,LAX,CityName,State,ORD,CityName,State,0,0,0,0,0,,197,2078,0,0,0,0,0
2024-01-26,United,N983XX,806,LAX,CityName,State,ORD,CityName,State,0,0,0,0,0,,119,923,0,0,0,0,0
2024-01-20,American,N667XX,4576,JFK,CityName,State,MIA,CityName,State,30,1,25,1,0,,214,997,0,0,30,0,0
2024-01-30,American,N942XX,8807,JFK,CityName,State,DFW,CityName,State,0,0,0,0,0,,269,1692,0,0,0,0,0
2024-01-01,Southwest,N520XX,5188,SFO,CityName,State,MIA,CityName,State,0,0,0,0,0,,103,545,0,0,0,0,0
2024-01-02,Delta,N995XX,4796,MIA,CityName,State,ORD,CityName,State,0,0,0,0,0,,263,822,0,0,0,0,0
2024-01-10,JetBlue,N210XX,8153,SFO,CityName,State,ATL,CityName,State,0,0,0,0,0,,90,647,0,0,0,0,0
2024-01-27,Southwest,N229XX,2364,JFK,CityName,State,MIA,CityName,State,15,1,10,1,0,,128,2149,15,0,0,0,0
2024-01-05,JetBlue,N332XX,4686,JFK,CityName,State,SFO,CityName,State,0,0,0,0,0,,159,1650,0,0,0,0,0
2024-01-24,American,N689XX,3518,ORD,CityName,State,MIA,CityName,State,0,0,0,0,0,,278,1030,0,0,0,0,0
2024-01-09,Southwest,N874XX,5408,LAX,CityName,State,LAX,CityName,State,0,0,0,0,0,,142,1869,0,0,0,0,0
2024-01-01,United,N696XX,8649,SFO,CityName,State,DFW,CityName,State,30,1,25,1,0,,124,823,0,30,0,0,0
2024-01-12,JetBlue,N621XX,4619,LAX,CityName,State,ORD,CityName,State,0,0,0,0,0,,125,779,0,0,0,0,0
2024-01-01,American,N973XX,9149,JFK,CityName,State,ORD,CityName,State,0,0,0,0,0,,113,423,0,0,0,0,0
2024-01-15,American,N435XX,8705,ATL,CityName,State,DFW,CityName,State,0,0,0,0,0,,291,1732,0,0,0,0,0
2024-01-01,United,N397XX,3557,SFO,CityName,State,DFW,CityName,State,0,0,0,0,0,,125,1235,0,0,0,0,0
2024-01-22,JetBlue,N623XX,8961,MIA,CityName,State,MIA,CityName,State,0,0,0,0,0,,162,633,0,0,0,0,0
2024-01-29,JetBlue,N200XX,1765,SFO,CityName,State,ORD,CityName,State,0,0,0,0,0,,80,536,0,0,0,0,0
2024-01-21,Southwest,N716XX,6637,ORD,CityName,State,DFW,CityName,State,0,0,0,0,1,A,149,2300,0,0,0,0,0
2024-01-08,United,N667XX,4972,MIA,CityName,State,ORD,CityName,State,0,0,0,0,0,,282,464,0,0,0,0,0
2024-01-12,American,N207XX,259,ATL,CityName,State,ATL,CityName,State,0,0,0,0,0,,131,352,0,0,0,0,0
2024-01-29,American,N808XX,8926,ATL,CityName,State,JFK,CityName,State,0,0,0,0,0,,107,224,0,0,0,0,0
2024-01-07,American,N678XX,3410,LAX,CityName,State,LAX,CityName,State,0,0,0,0,0,,237,1038,0,0,0,0,0
2024-01-30,JetBlue,N310XX,3280,SFO,CityName,State,LAX,CityName,State,30,1,25,1,0,,184,1905,30,0,0,0,0
2024-01-18,United,N650XX,8825,LAX,CityName,State,JFK,CityName,State,30,1,25,1,1,A,103,2007,0,0,0,0,30
2024-01-24,Southwest,N353XX,6517,LAX,CityName,State,LAX,CityName,State,15,1,10,1,0,,233,486,15,0,0,0,0
2024-01-23,United,N956XX,4709,MIA,CityName,State,DFW,CityName,State,0,0,0,0,0,,232,1668,0,0,0,0,0
2024-01-20,Southwest,N242XX,1652,SFO,CityName,State,ATL,CityName,State,0,0,0,0,0,,282,2372,0,0,0,0,0
2024-01-24,Delta,N864XX,9865,DFW,CityName,State,ATL,CityName,State,0,0,0,0,0,,187,2393,0,0,0,0,0
2024-01-03,Southwest,N149XX,6286,DFW,CityName,State,DFW,CityName,State,0,0,0,0,0,,206,628,0,0,0,0,0
2024-01-20,Southwest,N799XX,1295,MIA,CityName,State,ORD,CityName,State,15,1,10,1,0,,138,1010,0,15,0,0,0
2024-01-04,Delta,N367XX,4094,ORD,CityName,State,SFO,CityName,State,30,1,25,1,0,,255,1295,30,0,0,0,0
2024-01-02,United,N298XX,1760,DFW,CityName,State,JFK,CityName,State,0,0,0,0,0,,84,2226,0,0,0,0,0
2024-01-15,Delta,N736XX,2304,DFW,CityName,State,MIA,CityName,State,0,0,0,0,0,,165,1007,0,0,0,0,0
2024-01-02,United,N633XX,6442,ATL,CityName,State,ATL,CityName,State,0,0,0,0,0,,275,1567,0,0,0,0,0
2024-01-16,United,N575XX,243,ORD,CityName,State,SFO,CityName,State,0,0,0,0,0,,183,273,0,0,0,0,0
2024-01-28,Delta,N998XX,6024,JFK,CityName,State,ATL,CityName,State,0,0,0,0,0,,190,371,0,0,0,0,0
2024-01-12,American,N634XX,5345,SFO,CityName,State,JFK,CityName,State,0,0,0,0,0,,164,864,0,0,0,0,0
2024-01-29,JetBlue,N324XX,6472,DFW,CityName,State,MIA,CityName,State,15,1,10,1,0,,277,350,0,0,15,0,0
2024-01-04,Southwest,N532XX,4089,LAX,CityName,State,SFO,CityName,State,0,0,0,0,0,,132,1138,0,0,0,0,0
2024-01-08,Delta,N152XX,5453,DFW,CityName,State,ORD,CityName,State,0,0,0,0,0,,100,2483,0,0,0,0,0
2024-01-05,JetBlue,N394XX,2006,ATL,CityName,State,LAX,CityName,State,0,0,0,0,0,,76,1593,0,0,0,0,0
2024-01-09,Delta,N271XX,8710,ORD,CityName,State,LAX,CityName,State,0,0,0,0,0,,141,1248,0,0,0,0,0
2024-01-25,American,N254XX,6399,LAX,CityName,State,JFK,CityName,State,30,1,25,1,0,,249,1726,0,0,30,0,0
2024-01-12,JetBlue,N113XX,8165,MIA,CityName,State,ORD,CityName,State,0,0,0,0,0,,177,832,0,0,0,0,0
2024-01-04,JetBlue,N196XX,2891,MIA,CityName,State,ORD,CityName,State,0,0,0,0,0,,137,1442,0,0,0,0,0
2024-01-23,United,N944XX,1290,ORD,CityName,State,MIA,CityName,State,30,1,25,1,0,,286,469,0,30,0,0,0
2024-01-16,American,N763XX,618,ORD,CityName,State,ATL,CityName,State,0,0,0,0,0,,60,2251,0,0,0,0,0
2024-01-15,American,N461XX,6909,SFO,CityName,State,ATL,CityName,State,0,0,0,0,0,,295,1224,0,0,0,0,0
2024-01-02,Southwest,N158XX,125,JFK,CityName,State,LAX,CityName,State,0,0,0,0,0,,75,1848,0,0,0,0,0
2024-01-17,United,N641XX,882,ATL,CityName,State,ORD,CityName,State,0,0,0,0,0,,181,1335,0,0,0,0,0
2024-01-05,JetBlue,N131XX,6072,MIA,CityName,State,DFW,CityName,State,0,0,0,0,0,,251,2477,0,0,0,0,0
2024-01-29,JetBlue,N664XX,4173,JFK,CityName,State,SFO,CityName,State,15,1,10,1,0,,168,745,0,0,0,0,15
2024-01-20,JetBlue,N273XX,6514,SFO,CityName,State,JFK,CityName,State,0,0,0,0,0,,75,1110,0,0,0,0,0
2024-01-11,American,N449XX,6450,ORD,CityName,State,DFW,CityName,State,15,1,10,1,0,,236,257,15,0,0,0,0
2024-01-08,Delta,N637XX,8501,SFO,CityName,State,SFO,CityName,State,15,1,10,1,0,,200,977,0,0,15,0,0
2024-01-20,JetBlue,N488XX,3147,ATL,CityName,State,JFK,CityName,State,0,0,0,0,0,,166,1095,0,0,0,0,0
2024-01-21,Delta,N249XX,6851,LAX,CityName,State,ATL,CityName,State,0,0,0,0,0,,148,1233,0,0,0,0,0
2024-01-12,United,N911XX,5249,DFW,CityName,State,LAX,CityName,State,0,0,0,0,0,,88,1485,0,0,0,0,0
2024-01-04,Southwest,N580XX,741,JFK,CityName,State,MIA,CityName,State,0,0,0,0,0,,298,1065,0,0,0,0,0
2024-01-20,Delta,N130XX,7886,SFO,CityName,State,LAX,CityName,State,0,0,0,0,0,,184,602,0,0,0,0,0
2024-01-04,Southwest,N793XX,4896,DFW,CityName,State,JFK,CityName,State,0,0,0,0,0,,93,1766,0,0,0,0,0
2024-01-09,American,N476XX,823,ATL,CityName,State,ORD,CityName,State,0,0,0,0,0,,71,453,0,0,0,0,0
2024-01-13,American,N949XX,5342,SFO,CityName,State,LAX,CityName,State,15,1,10,1,0,,136,2457,0,15,0,0,0
2024-01-27,American,N216XX,8051,JFK,CityName,State,SFO,CityName,State,0,0,0,0,0,,214,1281,0,0,0,0,0
2024-01-28,JetBlue,N710XX,2359,ATL,CityName,State,JFK,CityName,State,0,0,0,0,0,,88,1506,0,0,0,0,0
2024-01-19,Southwest,N746XX,3133,ATL,CityName,State,ATL,CityName,State,0,0,0,0,0,,253,754,0,0,0,0,0
2024-01-16,American,N412XX,1916,JFK,CityName,State,ATL,CityName,State,0,0,0,0,0,,77,2410,0,0,0,0,0
2024-01-03,United,N962XX,4428,ORD,CityName,State,LAX,CityName,State,30,1,25,1,0,,259,724,0,30,0,0,0
2024-01-11,JetBlue,N713XX,1187,MIA,CityName,State,LAX,CityName,State,30,1,25,1,0,,85,910,0,0,30,0,0
2024-01-26,Delta,N925XX,6794,JFK,CityName,State,MIA,CityName,State,0,0,0,0,0,,224,468,0,0,0,0,0
2024-01-30,Southwest,N893XX,2891,JFK,CityName,State,ORD,CityName,State,0,0,0,0,1,A,219,1494,0,0,0,0,0
2024-01-16,Southwest,N386XX,6692,DFW,CityName,State,LAX,CityName,State,0,0,0,0,0,,131,405,0,0,0,0,0
2024-01-11,United,N152XX,3075,DFW,CityName,State,MIA,CityName,State,0,0,0,0,0,,278,1393,0,0,0,0,0
2024-01-11,JetBlue,N765XX,2972,SFO,CityName,State,ORD,CityName,State,0,0,0,0,0,,218,729,0,0,0,0,0
2024-01-21,Southwest,N341XX,6681,JFK,CityName,State,ORD,CityName,State,0,0,0,0,0,,263,553,0,0,0,0,0
2024-01-07,JetBlue,N575XX,4191,LAX,CityName,State,SFO,CityName,State,15,1,10,1,0,,162,334,0,0,0,0,15
2024-01-29,American,N967XX,6173,DFW,CityName,State,JFK,CityName,State,15,1,10,1,0,,276,597,0,15,0,0,0
2024-01-30,Southwest,N829XX,2913,ATL,CityName,State,ORD,CityName,State,0,0,0,0,0,,172,1937,0,0,0,0,0
2024-01-29,Delta,N234XX,2397,ORD,CityName,State,ATL,CityName,State,0,0,0,0,0,,91,1681,0,0,0,0,0
2024-01-09,American,N495XX,6562,ORD,CityName,State,JFK,CityName,State,0,0,0,0,0,,244,1963,0,0,0,0,0
2024-01-22,Southwest,N317XX,714,ATL,CityName,State,JFK,CityName,State,30,1,25,1,0,,79,1468,0,0,30,0,0
2024-01-17,Delta,N565XX,8886,MIA,CityName,State,LAX,CityName,State,0,0,0,0,0,,270,2111,0,0,0,0,0
2024-01-27,Delta,N468XX,2825,LAX,CityName,State,ATL,CityName,State,0,0,0,0,0,,148,1731,0,0,0,0,0
2024-01-20,American,N248XX,6029,SFO,CityName,State,DFW,CityName,State,0,0,0,0,0,,95,2147,0,0,0,0,0
2024-01-29,United,N260XX,8315,JFK,CityName,State,MIA,CityName,State,0,0,0,0,0,,191,1270,0,0,0,0,0
2024-01-30,American,N111XX,3784,MIA,CityName,State,JFK,CityName,State,0,0,0,0,0,,165,1619,0,0,0,0,0
2024-01-21,JetBlue,N931XX,3333,DFW,CityName,State,JFK,CityName,State,0,0,0,0,0,,103,1223,0,0,0,0,0
2024-01-13,Delta,N995XX,4283,DFW,CityName,State,LAX,CityName,State,0,0,0,0,0,,108,1910,0,0,0,0,0
2024-01-27,United,N299XX,8574,LAX,CityName,State,ORD,CityName,State,0,0,0,0,0,,259,1894,0,0,0,0,0
2024-01-21,Delta,N953XX,2095,DFW,CityName,State,SFO,CityName,State,0,0,0,0,0,,186,724,0,0,0,0,0
2024-01-16,Delta,N669XX,3046,DFW,CityName,State,LAX,CityName,State,0,0,0,0,0,,90,1452,0,0,0,0,0
2024-01-26,Southwest,N105XX,8787,ORD,CityName,State,DFW,CityName,State,0,0,0,0,0,,125,1256,0,0,0,0,0
2024-01-09,JetBlue,N634XX,2071,LAX,CityName,State,MIA,CityName,State,0,0,0,0,0,,113,1957,0,0,0,0,0
2024-01-23,United,N668XX,4536,DFW,CityName,State,ATL,CityName,State,0,0,0,0,0,,149,1240,0,0,0,0,0
2024-01-18,United,N252XX,1643,SFO,CityName,State,JFK,CityName,State,0,0,0,0,0,,155,2129,0,0,0,0,0
2024-01-02,Southwest,N950XX,3792,ATL,CityName,State,LAX,CityName,State,120,1,115,1,0,,256,978,0,0,0,0,120
2024-01-05,United,N482XX,875,DFW,CityName,State,DFW,CityName,State,30,1,25,1,0,,124,2066,0,30,0,0,0
2024-01-01,Southwest,N290XX,1285,MIA,CityName,State,JFK,CityName,State,0,0,0,0,0,,152,2116,0,0,0,0,0
2024-01-15,American,N263XX,2534,ORD,CityName,State,MIA,CityName,State,0,0,0,0,0,,132,2276,0,0,0,0,0
2024-01-21,JetBlue,N958XX,2727,SFO,CityName,State,DFW,CityName,State,0,0,0,0,0,,276,1985,0,0,0,0,0
2024-01-06,United,N822XX,6560,MIA,CityName,State,SFO,CityName,State,0,0,0,0,0,,91,1607,0,0,0,0,0
2024-01-03,JetBlue,N355XX,5848,ATL,CityName,State,JFK,CityName,State,0,0,0,0,0,,156,1585,0,0,0,0,0
2024-01-25,American,N750XX,2111,DFW,CityName,State,DFW,CityName,State,0,0,0,0,0,,87,671,0,0,0,0,0
2024-01-14,United,N306XX,8653,MIA,CityName,State,ATL,CityName,State,0,0,0,0,0,,101,395,0,0,0,0,0
2024-01-19,American,N318XX,932,JFK,CityName,State,JFK,CityName,State,0,0,0,0,0,,164,1901,0,0,0,0,0
2024-01-12,American,N143XX,6574,LAX,CityName,State,ORD,CityName,State,0,0,0,0,0,,114,1976,0,0,0,0,0
2024-01-08,JetBlue,N101XX,8073,ORD,CityName,State,SFO,CityName,State,0,0,0,0,0,,202,1866,0,0,0,0,0
2024-01-09,United,N887XX,7980,DFW,CityName,State,JFK,CityName,State,0,0,0,0,0,,120,1283,0,0,0,0,0
2024-01-14,United,N169XX,4489,SFO,CityName,State,ATL,CityName,State,0,0,0,0,0,,84,1790,0,0,0,0,0
2024-01-23,Southwest,N750XX,1080,ORD,CityName,State,JFK,CityName,State,0,0,0,0,0,,258,912,0,0,0,0,0
2024-01-06,Delta,N578XX,1600,DFW,CityName,State,LAX,CityName,State,0,0,0,0,0,,259,2387,0,0,0,0,0
2024-01-28,Southwest,N629XX,9769,ATL,CityName,State,DFW,CityName,State,0,0,0,0,0,,84,1792,0,0,0,0,0
2024-01-24,JetBlue,N646XX,6280,ATL,CityName,State,SFO,CityName,State,0,0,0,0,0,,288,310,0,0,0,0,0
2024-01-01,Southwest,N446XX,5458,LAX,CityName,State,MIA,CityName,State,0,0,0,0,0,,123,1225,0,0,0,0,0
2024-01-04,Delta,N468XX,4643,MIA,CityName,State,JFK,CityName,State,0,0,0,0,0,,193,766,0,0,0,0,0
2024-01-13,Delta,N280XX,9817,SFO,CityName,State,ATL,CityName,State,0,0,0,0,0,,216,1134,0,0,0,0,0
2024-01-19,American,N336XX,1534,LAX,CityName,State,JFK,CityName,State,0,0,0,0,0,,109,1708,0,0,0,0,0
2024-01-02,Delta,N818XX,672,DFW,CityName,State,LAX,CityName,State,0,0,0,0,0,,89,1048,0,0,0,0,0
2024-01-17,Delta,N830XX,3221,SFO,CityName,State,ORD,CityName,State,0,0,0,0,0,,255,1232,0,0,0,0,0
2024-01-11,American,N193XX,7395,SFO,CityName,State,ATL,CityName,State,0,0,0,0,0,,82,1574,0,0,0,0,0
2024-01-12,United,N703XX,3224,ORD,CityName,State,LAX,CityName,State,0,0,0,0,0,,151,511,0,0,0,0,0
2024-01-01,American,N765XX,9801,SFO,CityName,State,SFO,CityName,State,0,0,0,0,0,,246,1382,0,0,0,0,0
2024-01-16,American,N330XX,2394,MIA,CityName,State,ORD,CityName,State,0,0,0,0,0,,270,2342,0,0,0,0,0
2024-01-27,United,N591XX,4107,DFW,CityName,State,DFW,CityName,State,0,0,0,0,1,A,212,400,0,0,0,0,0
2024-01-02,American,N471XX,322,ATL,CityName,State,ATL,CityName,State,15,1,10,1,0,,114,2221,15,0,0,0,0
2024-01-07,United,N279XX,3296,ORD,CityName,State,SFO,CityName,State,15,1,10,1,0,,117,1730,15,0,0,0,0
2024-01-15,JetBlue,N116XX,7416,MIA,CityName,State,SFO,CityName,State,0,0,0,0,0,,260,822,0,0,0,0,0
2024-01-10,United,N482XX,558,ATL,CityName,State,ORD,CityName,State,0,0,0,0,0,,60,1060,0,0,0,0,0
2024-01-28,Southwest,N223XX,6060,DFW,CityName,State,ORD,CityName,State,0,0,0,0,0,,222,1989,0,0,0,0,0
2024-01-03,United,N644XX,6855,LAX,CityName,State,DFW,CityName,State,0,0,0,0,0,,76,641,0,0,0,0,0
2024-01-08,United,N487XX,5639,ORD,CityName,State,LAX,CityName,State,0,0,0,0,0,,67,701,0,0,0,0,0
2024-01-06,Delta,N724XX,7719,SFO,CityName,State,ORD,CityName,State,0,0,0,0,0,,65,2322,0,0,0,0,0
2024-01-22,Southwest,N834XX,8384,JFK,CityName,State,ORD,CityName,State,0,0,0,0,0,,203,2084,0,0,0,0,0
2024-01-16,JetBlue,N309XX,2859,JFK,CityName,State,LAX,CityName,State,0,0,0,0,0,,69,2473,0,0,0,0,0
2024-01-07,American,N143XX,2449,MIA,CityName,State,ATL,CityName,State,30,1,25,1,0,,84,265,0,0,30,0,0
2024-01-17,Delta,N515XX,4208,LAX,CityName,State,MIA,CityName,State,0,0,0,0,0,,269,454,0,0,0,0,0
2024-01-15,JetBlue,N388XX,8563,MIA,CityName,State,SFO,CityName,State,0,0,0,0,0,,236,1065,0,0,0,0,0
2024-01-09,Delta,N768XX,1774,MIA,CityName,State,DFW,CityName,State,60,1,55,1,0,,104,1208,0,60,0,0,0
2024-01-14,United,N654XX,2316,SFO,CityName,State,ORD,CityName,State,30,1,25,1,0,,135,1250,30,0,0,0,0
2024-01-14,JetBlue,N677XX,7892,LAX,CityName,State,DFW,CityName,State,0,0,0,0,0,,213,767,0,0,0,0,0
2024-01-01,American,N822XX,3600,LAX,CityName,State,DFW,CityName,State,0,0,0,0,0,,80,2294,0,0,0,0,0
2024-01-01,Delta,N183XX,9994,DFW,CityName,State,DFW,CityName,State,0,0,0,0,0,,225,747,0,0,0,0,0
2024-01-13,JetBlue,N774XX,4437,MIA,CityName,State,DFW,CityName,State,0,0,0,0,0,,290,2309,0,0,0,0,0
2024-01-22,Delta,N532XX,5800,ATL,CityName,State,ORD,CityName,State,0,0,0,0,0,,252,1650,0,0,0,0,0
2024-01-15,Delta,N473XX,649,DFW,CityName,State,JFK,CityName,State,0,0,0,0,0,,284,2002,0,0,0,0,0
2024-01-07,Delta,N118XX,1113,ORD,CityName,State,ATL,CityName,State,0,0,0,0,0,,208,702,0,0,0,0,0
2024-01-19,United,N201XX,6413,JFK,CityName,State,JFK,CityName,State,0,0,0,0,0,,225,750,0,0,0,0,0
2024-01-21,American,N132XX,8713,ORD,CityName,State,SFO,CityName,State,0,0,0,0,0,,283,518,0,0,0,0,0
2024-01-17,American,N339XX,9121,LAX,CityName,State,DFW,CityName,State,15,1,10,1,0,,96,704,15,0,0,0,0
2024-01-12,United,N637XX,8842,ATL,CityName,State,MIA,CityName,State,0,0,0,0,0,,229,1883,0,0,0,0,0
2024-01-10,United,N200XX,3404,SFO,CityName,State,ATL,CityName,State,0,0,0,0,0,,136,1478,0,0,0,0,0
2024-01-02,American,N615XX,9557,ORD,CityName,State,ATL,CityName,State,0,0,0,0,0,,71,986,0,0,0,0,0
2024-01-13,American,N916XX,4008,JFK,CityName,State,LAX,CityName,State,0,0,0,0,0,,168,2107,0,0,0,0,0
2024-01-03,American,N115XX,3641,LAX,CityName,State,SFO,CityName,State,15,1,10,1,0,,111,1207,0,0,0,0,15
2024-01-24,American,N318XX,6321,ORD,CityName,State,ATL,CityName,State,0,0,0,0,0,,145,1781,0,0,0,0,0
2024-01-05,United,N756XX,9818,ATL,CityName,State,ORD,CityName,State,0,0,0,0,0,,205,2193,0,0,0,0,0
2024-01-11,Delta,N472XX,8741,DFW,CityName,State,SFO,CityName,State,0,0,0,0,0,,251,366,0,0,0,0,0
2024-01-28,Southwest,N613XX,8103,JFK,CityName,State,MIA,CityName,State,0,0,0,0,0,,226,2450,0,0,0,0,0
2024-01-08,American,N735XX,4628,ATL,CityName,State,DFW,CityName,State,0,0,0,0,0,,188,824,0,0,0,0,0
2024-01-28,United,N364XX,2515,DFW,CityName,State,MIA,CityName,State,15,1,10,1,0,,151,2363,15,0,0,0,0
2024-01-15,United,N109XX,8392,SFO,CityName,State,MIA,CityName,State,0,0,0,0,0,,83,2217,0,0,0,0,0
2024-01-08,JetBlue,N836XX,9154,ORD,CityName,State,JFK,CityName,State,0,0,0,0,0,,199,563,0,0,0,0,0
2024-01-19,Southwest,N431XX,4675,SFO,CityName,State,LAX,CityName,State,0,0,0,0,0,,281,1138,0,0,0,0,0
2024-01-12,American,N695XX,8683,JFK,CityName,State,DFW,CityName,State,120,1,115,1,0,,241,2058,0,0,0,0,120
2024-01-06,Southwest,N109XX,8767,DFW,CityName,State,JFK,CityName,State,0,0,0,0,0,,216,2429,0,0,0,0,0
2024-01-15,United,N105XX,1349,SFO,CityName,State,JFK,CityName,State,30,1,25,1,0,,131,1424,0,0,0,0,30
2024-01-27,Southwest,N976XX,2812,ORD,CityName,State,SFO,CityName,State,0,0,0,0,0,,148,1850,0,0,0,0,0
2024-01-20,Southwest,N819XX,1889,MIA,CityName,State,MIA,CityName,State,30,1,25,1,0,,298,991,0,0,30,0,0
2024-01-12,United,N143XX,8766,LAX,CityName,State,DFW,CityName,State,0,0,0,0,0,,199,1468,0,0,0,0,0
2024-01-16,JetBlue,N506XX,8625,ATL,CityName,State,DFW,CityName,State,0,0,0,0,0,,221,826,0,0,0,0,0
2024-01-28,United,N103XX,4392,JFK,CityName,State,ORD,CityName,State,0,0,0,0,0,,68,510,0,0,0,0,0
2024-01-28,Southwest,N145XX,6073,DFW,CityName,State,ORD,CityName,State,0,0,0,0,0,,283,896,0,0,0,0,0
2024-01-09,United,N683XX,4176,ATL,CityName,State,LAX,CityName,State,60,1,55,1,0,,82,709,60,0,0,0,0
2024-01-29,Delta,N459XX,9881,DFW,CityName,State,MIA,CityName,State,0,0,0,0,0,,196,1103,0,0,0,0,0
2024-01-09,American,N139XX,745,LAX,CityName,State,ATL,CityName,State,0,0,0,0,0,,127,2301,0,0,0,0,0
2024-01-25,American,N192XX,5433,MIA,CityName,State,MIA,CityName,State,0,0,0,0,0,,259,2058,0,0,0,0,0
2024-01-17,United,N802XX,248,DFW,CityName,State,DFW,CityName,State,0,0,0,0,0,,102,482,0,0,0,0,0
2024-01-22,United,N934XX,3396,MIA,CityName,State,JFK,CityName,State,0,0,0,0,0,,263,1929,0,0,0,0,0
2024-01-29,JetBlue,N458XX,4438,MIA,CityName,State,DFW,CityName,State,0,0,0,0,0,,152,1318,0,0,0,0,0
2024-01-24,Southwest,N396XX,6914,ATL,CityName,State,JFK,CityName,State,0,0,0,0,0,,253,448,0,0,0,0,0
2024-01-10,United,N762XX,2188,ORD,CityName,State,LAX,CityName,State,30,1,25,1,0,,270,350,0,30,0,0,0
2024-01-26,United,N132XX,7340,JFK,CityName,State,JFK,CityName,State,120,1,115,1,0,,98,642,0,0,120,0,0
2024-01-04,Southwest,N702XX,931,DFW,CityName,State,DFW,CityName,State,0,0,0,0,0,,62,295,0,0,0,0,0
2024-01-13,JetBlue,N314XX,3183,DFW,CityName,State,JFK,CityName,State,0,0,0,0,0,,207,2129,0,0,0,0,0
2024-01-17,Southwest,N520XX,754,DFW,CityName,State,LAX,CityName,State,0,0,0,0,0,,144,2094,0,0,0,0,0
2024-01-04,JetBlue,N395XX,4218,JFK,CityName,State,DFW,CityName,State,0,0,0,0,0,,290,1279,0,0,0,0,0
2024-01-05,Delta,N442XX,2803,ATL,CityName,State,ORD,CityName,State,0,0,0,0,0,,259,213,0,0,0,0,0
2024-01-28,Delta,N417XX,5109,SFO,CityName,State,DFW,CityName,State,0,0,0,0,0,,150,2000,0,0,0,0,0
2024-01-08,Southwest,N520XX,3144,DFW,CityName,State,DFW,CityName,State,0,0,0,0,0,,102,1171,0,0,0,0,0
2024-01-27,American,N377XX,3508,LAX,CityName,State,DFW,CityName,State,0,0,0,0,0,,282,209,0,0,0,0,0
2024-01-17,United,N829XX,4355,LAX,CityName,State,MIA,CityName,State,0,0,0,0,0,,272,1972,0,0,0,0,0
2024-01-23,Southwest,N883XX,2851,ATL,CityName,State,DFW,CityName,State,0,0,0,0,0,,182,567,0,0,0,0,0
2024-01-05,Southwest,N886XX,3844,ORD,CityName,State,ATL,CityName,State,0,0,0,0,0,,246,1800,0,0,0,0,0
2024-01-02,JetBlue,N788XX,8509,MIA,CityName,State,DFW,CityName,State,0,0,0,0,0,,263,561,0,0,0,0,0
2024-01-08,United,N294XX,7596,SFO,CityName,State,ORD,CityName,State,0,0,0,0,0,,259,1311,0,0,0,0,0
2024-01-19,United,N256XX,5248,ATL,CityName,State,MIA,CityName,State,0,0,0,0,0,,108,2129,0,0,0,0,0
2024-01-24,Southwest,N840XX,6630,SFO,CityName,State,LAX,CityName,State,0,0,0,0,0,,233,2039,0,0,0,0,0
2024-01-21,United,N541XX,3701,JFK,CityName,State,ATL,CityName,State,0,0,0,0,0,,216,2206,0,0,0,0,0
2024-01-10,Delta,N223XX,466,JFK,CityName,State,DFW,CityName,State,120,1,115,1,0,,147,2410,0,120,0,0,0
2024-01-25,American,N227XX,4110,LAX,CityName,State,ORD,CityName,State,0,0,0,0,0,,233,1385,0,0,0,0,0
2024-01-18,Southwest,N174XX,3866,LAX,CityName,State,SFO,CityName,State,15,1,10,1,0,,232,1051,0,0,15,0,0
2024-01-25,United,N419XX,4031,DFW,CityName,State,ATL,CityName,State,0,0,0,0,0,,204,747,0,0,0,0,0
2024-01-20,Southwest,N888XX,6510,JFK,CityName,State,SFO,CityName,State,0,0,0,0,0,,194,1680,0,0,0,0,0
2024-01-08,United,N561XX,9025,MIA,CityName,State,LAX,CityName,State,0,0,0,0,0,,145,1834,0,0,0,0,0
2024-01-09,United,N181XX,5794,LAX,CityName,State,ATL,CityName,State,15,1,10,1,0,,91,934,15,0,0,0,0
2024-01-28,Southwest,N824XX,7213,SFO,CityName,State,ORD,CityName,State,0,0,0,0,0,,144,2348,0,0,0,0,0
2024-01-19,JetBlue,N600XX,2541,JFK,CityName,State,DFW,CityName,State,60,1,55,1,0,,133,270,60,0,0,0,0
2024-01-23,Southwest,N915XX,505,JFK,CityName,State,SFO,CityName,State,0,0,0,0,0,,155,2410,0,0,0,0,0
2024-01-27,American,N632XX,4887,SFO,CityName,State,MIA,CityName,State,0,0,0,0,0,,232,1987,0,0,0,0,0
2024-01-16,Delta,N864XX,8286,LAX,CityName,State,SFO,CityName,State,15,1,10,1,0,,104,1485,0,15,0,0,0
2024-01-04,JetBlue,N195XX,3665,SFO,CityName,State,JFK,CityName,State,0,0,0,0,0,,109,581,0,0,0,0,0
2024-01-20,American,N296XX,5702,DFW,CityName,State,SFO,CityName,State,0,0,0,0,0,,235,2204,0,0,0,0,0
2024-01-29,Southwest,N532XX,6864,LAX,CityName,State,ATL,CityName,State,0,0,0,0,0,,89,1263,0,0,0,0,0
2024-01-13,American,N554XX,5801,JFK,CityName,State,LAX,CityName,State,0,0,0,0,0,,105,1617,0,0,0,0,0
2024-01-04,American,N977XX,9025,ORD,CityName,State,ORD,CityName,State,0,0,0,0,0,,129,1726,0,0,0,0,0
2024-01-09,United,N511XX,1959,MIA,CityName,State,JFK,CityName,State,0,0,0,0,0,,70,2415,0,0,0,0,0
2024-01-30,American,N661XX,1915,ATL,CityName,State,ATL,CityName,State,0,0,0,0,0,,64,259,0,0,0,0,0
2024-01-27,Southwest,N821XX,6365,JFK,CityName,State,LAX,CityName,State,0,0,0,0,1,A,161,243,0,0,0,0,0
2024-01-02,Southwest,N779XX,4612,DFW,CityName,State,ATL,CityName,State,15,1,10,1,0,,70,1314,15,0,0,0,0
2024-01-15,Southwest,N953XX,1410,JFK,CityName,State,DFW,CityName,State,0,0,0,0,0,,78,672,0,0,0,0,0
2024-01-26,Southwest,N526XX,9463,MIA,CityName,State,MIA,CityName,State,0,0,0,0,0,,90,699,0,0,0,0,0
2024-01-24,American,N464XX,7356,SFO,CityName,State,MIA,CityName,State,15,1,10,1,0,,236,1718,15,0,0,0,0
2024-01-07,United,N151XX,998,JFK,CityName,State,SFO,CityName,State,0,0,0,0,0,,76,1399,0,0,0,0,0
2024-01-25,Delta,N398XX,8553,ATL,CityName,State,ATL,CityName,State,15,1,10,1,0,,258,1149,15,0,0,0,0
2024-01-24,JetBlue,N386XX,247,MIA,CityName,State,MIA,CityName,State,0,0,0,0,0,,165,937,0,0,0,0,0
2024-01-27,American,N399XX,4782,ORD,CityName,State,LAX,CityName,State,0,0,0,0,0,,133,1189,0,0,0,0,0
2024-01-24,United,N344XX,8618,DFW,CityName,State,DFW,CityName,State,0,0,0,0,0,,76,2012,0,0,0,0,0
2024-01-23,Southwest,N728XX,9839,SFO,CityName,State,ATL,CityName,State,15,1,10,1,0,,150,645,15,0,0,0,0
2024-01-20,Southwest,N840XX,627,ATL,CityName,State,LAX,CityName,State,0,0,0,0,0,,63,2276,0,0,0,0,0
2024-01-15,Southwest,N539XX,6244,ATL,CityName,State,LAX,CityName,State,0,0,0,0,0,,66,960,0,0,0,0,0
2024-01-03,United,N884XX,8462,DFW,CityName,State,ATL,CityName,State,0,0,0,0,0,,112,992,0,0,0,0,0
2024-01-09,Southwest,N571XX,7183,LAX,CityName,State,SFO,CityName,State,0,0,0,0,0,,220,2436,0,0,0,0,0
2024-01-12,United,N599XX,6938,JFK,CityName,State,ORD,CityName,State,15,1,10,1,0,,67,926,0,0,0,0,15
2024-01-11,American,N750XX,8111,ATL,CityName,State,ATL,CityName,State,0,0,0,0,0,,177,444,0,0,0,0,0
2024-01-23,United,N771XX,8378,ATL,CityName,State,JFK,CityName,State,0,0,0,0,0,,156,2420,0,0,0,0,0
2024-01-04,United,N807XX,7914,JFK,CityName,State,SFO,CityName,State,0,0,0,0,0,,149,2484,0,0,0,0,0
2024-01-09,United,N347XX,8587,MIA,CityName,State,LAX,CityName,State,0,0,0,0,0,,135,1171,0,0,0,0,0
2024-01-05,Delta,N377XX,3506,MIA,CityName,State,JFK,CityName,State,30,1,25,1,0,,164,1960,30,0,0,0,0
2024-01-19,Southwest,N563XX,3793,MIA,CityName,State,ORD,CityName,State,0,0,0,0,0,,228,1794,0,0,0,0,0
2024-01-30,United,N409XX,7453,ORD,CityName,State,JFK,CityName,State,0,0,0,0,0,,65,634,0,0,0,0,0
2024-01-04,United,N836XX,1159,ORD,CityName,State,SFO,CityName,State,0,0,0,0,0,,245,2276,0,0,0,0,0
2024-01-12,American,N177XX,2824,DFW,CityName,State,SFO,CityName,State,0,0,0,0,0,,64,2278,0,0,0,0,0
2024-01-07,Delta,N316XX,8328,ATL,CityName,State,DFW,CityName,State,0,0,0,0,0,,82,403,0,0,0,0,0
2024-01-25,American,N598XX,5362,ATL,CityName,State,DFW,CityName,State,0,0,0,0,0,,221,358,0,0,0,0,0
2024-01-17,United,N972XX,537,LAX,CityName,State,ORD,CityName,State,0,0,0,0,0,,109,2166,0,0,0,0,0
2024-01-28,Delta,N800XX,2892,JFK,CityName,State,LAX,CityName,State,0,0,0,0,0,,180,715,0,0,0,0,0
2024-01-14,JetBlue,N663XX,9726,LAX,CityName,State,DFW,CityName,State,60,1,55,1,0,,156,1309,60,0,0,0,0
2024-01-26,Southwest,N895XX,9769,ORD,CityName,State,ORD,CityName,State,0,0,0,0,0,,152,1499,0,0,0,0,0
2024-01-21,American,N254XX,5257,JFK,CityName,State,SFO,CityName,State,0,0,0,0,0,,269,1382,0,0,0,0,0
2024-01-27,Southwest,N621XX,3832,ATL,CityName,State,ORD,CityName,State,0,0,0,0,0,,109,1337,0,0,0,0,0
2024-01-27,United,N705XX,3733,DFW,CityName,State,DFW,CityName,State,0,0,0,0,0,,293,738,0,0,0,0,0
2024-01-06,Southwest,N767XX,4059,ATL,CityName,State,MIA,CityName,State,0,0,0,0,0,,244,2418,0,0,0,0,0
2024-01-20,Southwest,N598XX,9049,ORD,CityName,State,LAX,CityName,State,0,0,0,0,0,,79,2188,0,0,0,0,0
2024-01-18,United,N942XX,7534,JFK,CityName,State,ATL,CityName,State,0,0,0,0,0,,104,1564,0,0,0,0,0
2024-01-01,Delta,N813XX,5279,ATL,CityName,State,ATL,CityName,State,15,1,10,1,0,,89,1854,15,0,0,0,0
2024-01-08,JetBlue,N902XX,8857,SFO,CityName,State,LAX,CityName,State,0,0,0,0,1,A,158,840,0,0,0,0,0
2024-01-01,Southwest,N922XX,8508,ORD,CityName,State,SFO,CityName,State,0,0,0,0,0,,99,1787,0,0,0,0,0
2024-01-30,United,N889XX,4665,LAX,CityName,State,LAX,CityName,State,15,1,10,1,0,,209,500,0,15,0,0,0
2024-01-03,American,N924XX,2322,JFK,CityName,State,LAX,CityName,State,0,0,0,0,0,,263,1158,0,0,0,0,0
2024-01-01,JetBlue,N675XX,8809,ORD,CityName,State,MIA,CityName,State,0,0,0,0,0,,270,797,0,0,0,0,0
2024-01-17,United,N664XX,6708,LAX,CityName,State,LAX,CityName,State,0,0,0,0,0,,97,1065,0,0,0,0,0
2024-01-16,JetBlue,N284XX,4395,SFO,CityName,State,DFW,CityName,State,0,0,0,0,0,,115,1946,0,0,0,0,0
2024-01-06,JetBlue,N589XX,8181,ATL,CityName,State,SFO,CityName,State,15,1,10,1,0,,92,1822,15,0,0,0,0
2024-01-06,Delta,N371XX,5827,MIA,CityName,State,DFW,CityName,State,0,0,0,0,0,,129,261,0,0,0,0,0
2024-01-19,United,N511XX,625,DFW,CityName,State,ATL,CityName,State,30,1,25,1,1,A,189,325,30,0,0,0,0
2024-01-06,Southwest,N153XX,2273,MIA,CityName,State,DFW,CityName,State,0,0,0,0,0,,76,2256,0,0,0,0,0
2024-01-28,JetBlue,N715XX,9823,SFO,CityName,State,ORD,CityName,State,15,1,10,1,0,,147,297,15,0,0,0,0
2024-01-07,Delta,N958XX,9668,MIA,CityName,State,LAX,CityName,State,15,1,10,1,0,,230,2446,0,0,15,0,0
2024-01-27,JetBlue,N493XX,9354,SFO,CityName,State,MIA,CityName,State,0,0,0,0,0,,71,1503,0,0,0,0,0
2024-01-16,JetBlue,N333XX,4273,JFK,CityName,State,MIA,CityName,State,15,1,10,1,0,,213,1497,15,0,0,0,0
2024-01-30,American,N395XX,6147,LAX,CityName,State,JFK,CityName,State,0,0,0,0,0,,119,599,0,0,0,0,0
2024-01-18,Southwest,N329XX,681,DFW,CityName,State,DFW,CityName,State,15,1,10,1,0,,180,678,0,0,0,0,15
2024-01-11,Southwest,N979XX,4383,SFO,CityName,State,ATL,CityName,State,0,0,0,0,0,,136,1173,0,0,0,0,0
2024-01-06,Southwest,N323XX,3092,ORD,CityName,State,MIA,CityName,State,0,0,0,0,0,,205,2021,0,0,0,0,0
2024-01-25,Southwest,N410XX,9402,LAX,CityName,State,SFO,CityName,State,0,0,0,0,0,,246,1802,0,0,0,0,0
2024-01-10,JetBlue,N401XX,583,DFW,CityName,State,DFW,CityName,State,0,0,0,0,0,,100,954,0,0,0,0,0
2024-01-29,American,N933XX,3011,DFW,CityName,State,MIA,CityName,State,0,0,0,0,0,,87,2147,0,0,0,0,0
2024-01-18,Southwest,N469XX,4852,MIA,CityName,State,MIA,CityName,State,0,0,0,0,0,,268,2240,0,0,0,0,0
2024-01-12,American,N115XX,8480,DFW,CityName,State,SFO,CityName,State,0,0,0,0,0,,153,1511,0,0,0,0,0
2024-01-22,Delta,N647XX,4190,DFW,CityName,State,LAX,CityName,State,60,1,55,1,0,,216,1951,60,0,0,0,0
2024-01-02,Southwest,N228XX,4368,ATL,CityName,State,ORD,CityName,State,0,0,0,0,0,,64,2178,0,0,0,0,0
2024-01-27,United,N310XX,2975,MIA,CityName,State,JFK,CityName,State,0,0,0,0,0,,225,1939,0,0,0,0,0
2024-01-20,Southwest,N299XX,2698,ORD,CityName,State,ATL,CityName,State,0,0,0,0,0,,81,378,0,0,0,0,0
2024-01-11,Southwest,N578XX,7918,ORD,CityName,State,LAX,CityName,State,0,0,0,0,0,,205,1264,0,0,0,0,0
2024-01-20,Delta,N665XX,6452,LAX,CityName,State,LAX,CityName,State,0,0,0,0,0,,266,1675,0,0,0,0,0
2024-01-22,Southwest,N468XX,3290,MIA,CityName,State,JFK,CityName,State,0,0,0,0,0,,156,1319,0,0,0,0,0
2024-01-02,Delta,N347XX,6361,MIA,CityName,State,JFK,CityName,State,15,1,10,1,0,,228,762,15,0,0,0,0
2024-01-03,JetBlue,N557XX,4015,ORD,CityName,State,MIA,CityName,State,0,0,0,0,0,,107,637,0,0,0,0,0
2024-01-25,Delta,N201XX,3770,ORD,CityName,State,ORD,CityName,State,15,1,10,1,0,,139,220,0,0,0,0,15
2024-01-15,Southwest,N537XX,8993,SFO,CityName,State,SFO,CityName,State,60,1,55,1,0,,251,661,60,0,0,0,0
2024-01-01,Delta,N726XX,8682,JFK,CityName,State,MIA,CityName,State,0,0,0,0,0,,97,1214,0,0,0,0,0
2024-01-10,Delta,N748XX,9250,SFO,CityName,State,ORD,CityName,State,0,0,0,0,0,,204,1670,0,0,0,0,0
2024-01-01,United,N911XX,6305,ORD,CityName,State,LAX,CityName,State,0,0,0,0,0,,63,1862,0,0,0,0,0
2024-01-09,American,N372XX,5386,LAX,CityName,State,SFO,CityName,State,0,0,0,0,0,,100,1808,0,0,0,0,0
2024-01-30,American,N267XX,758,MIA,CityName,State,LAX,CityName,State,0,0,0,0,0,,112,326,0,0,0,0,0
2024-01-18,Southwest,N195XX,6135,DFW,CityName,State,MIA,CityName,State,0,0,0,0,0,,84,1857,0,0,0,0,0
2024-01-07,Delta,N559XX,4595,DFW,CityName,State,SFO,CityName,State,30,1,25,1,0,,225,1043,0,0,0,0,30
2024-01-12,United,N456XX,5903,ATL,CityName,State,SFO,CityName,State,0,0,0,0,0,,235,496,0,0,0,0,0
2024-01-14,Southwest,N639XX,242,ATL,CityName,State,ORD,CityName,State,30,1,25,1,0,,220,1625,0,0,30,0,0
2024-01-05,Delta,N651XX,6942,LAX,CityName,State,LAX,CityName,State,0,0,0,0,0,,269,1468,0,0,0,0,0
2024-01-10,American,N768XX,399,ATL,CityName,State,ORD,CityName,State,0,0,0,0,0,,295,2037,0,0,0,0,0
2024-01-04,United,N694XX,4544,MIA,CityName,State,ORD,CityName,State,0,0,0,0,0,,186,2183,0,0,0,0,0
2024-01-16,United,N569XX,8162,ATL,CityName,State,LAX,CityName,State,0,0,0,0,0,,217,507,0,0,0,0,0
2024-01-17,American,N210XX,6001,ORD,CityName,State,ATL,CityName,State,0,0,0,0,0,,226,1919,0,0,0,0,0
2024-01-18,United,N910XX,2973,DFW,CityName,State,JFK,CityName,State,0,0,0,0,0,,211,1730,0,0,0,0,0
2024-01-16,United,N196XX,518,SFO,CityName,State,ORD,CityName,State,0,0,0,0,0,,202,1481,0,0,0,0,0
2024-01-01,American,N291XX,9345,ATL,CityName,State,LAX,CityName,State,0,0,0,0,0,,117,1181,0,0,0,0,0
2024-01-24,JetBlue,N574XX,7479,LAX,CityName,State,SFO,CityName,State,0,0,0,0,0,,281,1977,0,0,0,0,0
2024-01-20,JetBlue,N910XX,3935,LAX,CityName,State,MIA,CityName,State,0,0,0,0,0,,272,1481,0,0,0,0,0
2024-01-10,Southwest,N710XX,2379,MIA,CityName,State,JFK,CityName,State,0,0,0,0,0,,251,2359,0,0,0,0,0
2024-01-22,United,N118XX,6298,ATL,CityName,State,LAX,CityName,State,0,0,0,0,0,,262,2291,0,0,0,0,0
2024-01-21,American,N389XX,6480,DFW,CityName,State,ATL,CityName,State,0,0,0,0,0,,137,902,0,0,0,0,0
2024-01-09,JetBlue,N680XX,3743,SFO,CityName,State,MIA,CityName,State,0,0,0,0,0,,153,1425,0,0,0,0,0
2024-01-04,Southwest,N996XX,7919,LAX,CityName,State,MIA,CityName,State,0,0,0,0,0,,191,2163,0,0,0,0,0
2024-01-19,JetBlue,N349XX,2389,ORD,CityName,State,MIA,CityName,State,0,0,0,0,0,,104,1697,0,0,0,0,0
2024-01-04,Southwest,N278XX,1442,LAX,CityName,State,LAX,CityName,State,0,0,0,0,0,,295,761,0,0,0,0,0
2024-01-01,Southwest,N447XX,6423,ORD,CityName,State,MIA,CityName,State,30,1,25,1,0,,164,2356,30,0,0,0,0
2024-01-05,JetBlue,N106XX,9465,SFO,CityName,State,JFK,CityName,State,15,1,10,1,1,A,154,2037,0,15,0,0,0
2024-01-07,United,N404XX,6755,MIA,CityName,State,SFO,CityName,State,0,0,0,0,0,,100,2007,0,0,0,0,0
2024-01-16,Delta,N663XX,3839,SFO,CityName,State,ATL,CityName,State,0,0,0,0,0,,130,2116,0,0,0,0,0
2024-01-04,Southwest,N337XX,8889,ORD,CityName,State,LAX,CityName,State,0,0,0,0,0,,242,2163,0,0,0,0,0
2024-01-04,American,N712XX,4920,ATL,CityName,State,JFK,CityName,State,0,0,0,0,0,,279,1568,0,0,0,0,0
2024-01-28,Delta,N225XX,6359,ATL,CityName,State,ORD,CityName,State,0,0,0,0,0,,187,932,0,0,0,0,0
2024-01-30,JetBlue,N104XX,383,MIA,CityName,State,JFK,CityName,State,0,0,0,0,0,,258,1830,0,0,0,0,0
2024-01-12,United,N611XX,353,JFK,CityName,State,ATL,CityName,State,0,0,0,0,0,,114,2282,0,0,0,0,0
2024-01-06,Southwest,N545XX,9835,MIA,CityName,State,ATL,CityName,State,0,0,0,0,0,,245,757,0,0,0,0,0
2024-01-15,JetBlue,N342XX,574,MIA,CityName,State,ORD,CityName,State,0,0,0,0,0,,223,1012,0,0,0,0,0
2024-01-22,Delta,N698XX,7183,MIA,CityName,State,DFW,CityName,State,0,0,0,0,0,,283,2215,0,0,0,0,0
2024-01-10,American,N339XX,5345,ATL,CityName,State,MIA,CityName,State,0,0,0,0,0,,79,807,0,0,0,0,0
2024-01-07,Delta,N226XX,2531,JFK,CityName,State,DFW,CityName,State,0,0,0,0,0,,186,214,0,0,0,0,0
2024-01-18,Southwest,N981XX,7804,JFK,CityName,State,ATL,CityName,State,0,0,0,0,0,,261,1840,0,0,0,0,0
2024-01-18,Delta,N158XX,7159,ATL,CityName,State,JFK,CityName,State,0,0,0,0,0,,117,2224,0,0,0,0,0
2024-01-19,United,N229XX,7011,DFW,CityName,State,LAX,CityName,State,30,1,25,1,0,,282,1809,30,0,0,0,0
2024-01-07,American,N856XX,381,MIA,CityName,State,MIA,CityName,State,0,0,0,0,0,,63,1846,0,0,0,0,0
2024-01-18,United,N930XX,2938,ATL,CityName,State,SFO,CityName,State,0,0,0,0,0,,70,761,0,0,0,0,0
2024-01-10,Delta,N447XX,184,SFO,CityName,State,LAX,CityName,State,0,0,0,0,0,,207,1576,0,0,0,0,0
2024-01-22,JetBlue,N832XX,6277,LAX,CityName,State,SFO,CityName,State,0,0,0,0,0,,184,820,0,0,0,0,0
2024-01-01,American,N225XX,924,SFO,CityName,State,SFO,CityName,State,60,1,55,1,0,,218,2401,60,0,0,0,0
2024-01-19,American,N984XX,4336,DFW,CityName,State,MIA,CityName,State,15,1,10,1,0,,266,1642,0,0,15,0,0
2024-01-08,Southwest,N907XX,5601,JFK,CityName,State,LAX,CityName,State,0,0,0,0,0,,285,680,0,0,0,0,0
2024-01-06,Delta,N313XX,6574,LAX,CityName,State,ATL,CityName,State,0,0,0,0,0,,158,442,0,0,0,0,0
2024-01-16,American,N570XX,3353,LAX,CityName,State,MIA,CityName,State,0,0,0,0,0,,222,2150,0,0,0,0,0
2024-01-09,United,N583XX,8174,LAX,CityName,State,ATL,CityName,State,0,0,0,0,0,,207,916,0,0,0,0,0
2024-01-10,Southwest,N119XX,5779,DFW,CityName,State,DFW,CityName,State,0,0,0,0,0,,111,601,0,0,0,0,0
2024-01-12,Delta,N129XX,417,LAX,CityName,State,JFK,CityName,State,0,0,0,0,0,,95,1937,0,0,0,0,0
2024-01-08,Southwest,N387XX,510,LAX,CityName,State,SFO,CityName,State,15,1,10,1,0,,257,2338,0,0,15,0,0
2024-01-28,United,N138XX,2241,SFO,CityName,State,ORD,CityName,State,0,0,0,0,0,,266,597,0,0,0,0,0
2024-01-28,United,N152XX,6477,ORD,CityName,State,LAX,CityName,State,30,1,25,1,0,,113,1540,30,0,0,0,0
2024-01-04,United,N733XX,5872,LAX,CityName,State,LAX,CityName,State,0,0,0,0,0,,233,1794,0,0,0,0,0
2024-01-07,Delta,N226XX,2804,SFO,CityName,State,LAX,CityName,State,0,0,0,0,0,,216,418,0,0,0,0,0
2024-01-01,JetBlue,N895XX,967,ORD,CityName,State,LAX,CityName,State,0,0,0,0,0,,286,1460,0,0,0,0,0
2024-01-17,JetBlue,N434XX,571,ORD,CityName,State,JFK,CityName,State,0,0,0,0,0,,77,2378,0,0,0,0,0
2024-01-09,JetBlue,N212XX,8587,DFW,CityName,State,JFK,CityName,State,0,0,0,0,0,,154,762,0,0,0,0,0
2024-01-27,JetBlue,N202XX,7798,ORD,CityName,State,LAX,CityName,State,0,0,0,0,0,,205,1290,0,0,0,0,0
2024-01-16,JetBlue,N378XX,3940,JFK,CityName,State,LAX,CityName,State,30,1,25,1,0,,175,1217,0,0,0,0,30
2024-01-01,Delta,N570XX,1907,MIA,CityName,State,ATL,CityName,State,0,0,0,0,0,,247,2286,0,0,0,0,0
2024-01-21,Southwest,N255XX,4234,ORD,CityName,State,LAX,CityName,State,0,0,0,0,0,,120,830,0,0,0,0,0
2024-01-07,JetBlue,N906XX,9778,ATL,CityName,State,DFW,CityName,State,0,0,0,0,0,,241,354,0,0,0,0,0
2024-01-27,JetBlue,N535XX,6980,ORD,CityName,State,LAX,CityName,State,0,0,0,0,0,,88,2383,0,0,0,0,0
2024-01-11,Delta,N540XX,2388,ATL,CityName,State,ATL,CityName,State,0,0,0,0,0,,169,879,0,0,0,0,0
2024-01-10,Delta,N843XX,6259,MIA,CityName,State,LAX,CityName,State,0,0,0,0,0,,237,2460,0,0,0,0,0
2024-01-03,United,N921XX,9766,JFK,CityName,State,LAX,CityName,State,0,0,0,0,0,,299,1272,0,0,0,0,0
2024-01-21,United,N913XX,9916,MIA,CityName,State,ATL,CityName,State,0,0,0,0,1,A,246,2301,0,0,0,0,0
2024-01-25,United,N147XX,3362,DFW,CityName,State,SFO,CityName,State,0,0,0,0,0,,69,490,0,0,0,0,0
2024-01-02,United,N919XX,1526,ORD,CityName,State,ORD,CityName,State,0,0,0,0,0,,197,342,0,0,0,0,0
2024-01-18,Southwest,N974XX,8875,MIA,CityName,State,ATL,CityName,State,0,0,0,0,0,,78,1785,0,0,0,0,0
2024-01-20,Delta,N258XX,8559,MIA,CityName,State,ATL,CityName,State,0,0,0,0,0,,168,1705,0,0,0,0,0
2024-01-27,JetBlue,N568XX,1453,ATL,CityName,State,DFW,CityName,State,120,1,115,1,1,A,288,1306,0,120,0,0,0
2024-01-01,United,N544XX,6896,SFO,CityName,State,SFO,CityName,State,0,0,0,0,0,,80,1995,0,0,0,0,0
2024-01-11,Delta,N240XX,7258,JFK,CityName,State,SFO,CityName,State,0,0,0,0,0,,71,1355,0,0,0,0,0
2024-01-11,United,N683XX,6225,LAX,CityName,State,DFW,CityName,State,15,1,10,1,0,,182,615,15,0,0,0,0
2024-01-26,Delta,N960XX,9251,SFO,CityName,State,ORD,CityName,State,30,1,25,1,0,,97,851,30,0,0,0,0
2024-01-05,Delta,N383XX,9256,LAX,CityName,State,SFO,CityName,State,0,0,0,0,0,,160,1874,0,0,0,0,0
2024-01-05,Delta,N254XX,5938,SFO,CityName,State,MIA,CityName,State,0,0,0,0,0,,151,1239,0,0,0,0,0
2024-01-16,Delta,N830XX,5590,DFW,CityName,State,ORD,CityName,State,0,0,0,0,0,,291,864,0,0,0,0,0
2024-01-27,Delta,N148XX,9347,SFO,CityName,State,MIA,CityName,State,0,0,0,0,0,,141,964,0,0,0,0,0
2024-01-15,Delta,N111XX,1992,LAX,CityName,State,ORD,CityName,State,0,0,0,0,0,,102,1055,0,0,0,0,0
2024-01-26,American,N116XX,1387,LAX,CityName,State,ATL,CityName,State,0,0,0,0,0,,235,1150,0,0,0,0,0
